sample,node,distance,label
1,node1,16.78,1
2,node1,353.62,0
3,node1,3.59,0
4,node1,156.26,0
5,node1,121.84,0
6,node1,87.46,0
7,node1,57.12,0
8,node1,87.01,0
9,node1,225.11,0
10,node1,71.14,0
11,node1,9.74,0
12,node1,9.08,0
13,node1,87.7,0
14,node1,3.59,0
15,node1,27.03,1
16,node1,18.1,1
17,node1,30.96,1
18,node1,222.56,0
19,node1,271.93,0
20,node1,269.96,0
21,node1,272.48,0
22,node1,223.58,0
23,node1,25.55,1
24,node1,3.59,0
25,node1,8.07,0
26,node1,36.47,1
27,node1,5.18,0
28,node1,3.28,0
29,node1,3.59,0
30,node1,277.27,0
31,node1,25.87,1
32,node1,22.93,1
33,node1,19.72,1
34,node1,22.93,1
35,node1,16.8,1
36,node1,22.63,1
37,node1,17.46,1
38,node1,32.56,1
39,node1,23.8,1
40,node1,16.8,1
41,node1,15.49,1
42,node1,15.49,1
43,node1,15.47,1
44,node1,22.92,1
45,node1,57.15,0
46,node1,37.62,1
47,node1,36.96,1
48,node1,36.24,1
49,node1,31.5,1
50,node1,276.91,0
51,node1,277.3,0
52,node1,36.24,1
53,node1,277.3,0
54,node1,276.42,0
55,node1,276.85,0
56,node1,277.32,0
57,node1,277.71,0
58,node1,276.86,0
59,node1,277.29,0
60,node1,276.85,0
61,node1,277.7,0
62,node1,26.45,1
63,node1,28.51,1
64,node1,28.82,1
65,node1,29.67,1
66,node1,29.92,1
67,node1,24.7,1
68,node1,29.67,1
69,node1,24.68,1
70,node1,25.28,1
71,node1,19.72,1
72,node1,23.22,1
73,node1,33.34,1
74,node1,9.42,0
75,node1,4.23,0
76,node1,2.96,0
77,node1,26.74,1
78,node1,35.21,1
79,node1,30.46,1
80,node1,35.73,1
81,node1,34.41,1
82,node1,31.25,1
83,node1,35.46,1
84,node1,29.65,1
85,node1,29.38,1
86,node1,33.88,1
87,node1,30.7,1
88,node1,20.69,1
89,node1,19.72,1
90,node1,36.24,1
91,node1,21.67,1
92,node1,36.94,1
93,node1,37.64,1
94,node1,27.64,1
95,node1,32.28,1
96,node1,28.82,1
97,node1,36.24,1
98,node1,24.7,1
99,node1,32.3,1
100,node1,21.01,1
101,node1,30.72,1
102,node1,32.83,1
103,node1,27.34,1
104,node1,31.76,1
105,node1,32.03,1
106,node1,10.42,0
107,node1,29.92,1
108,node1,30.97,1
109,node1,30.72,1
110,node1,31.23,1
111,node1,28.51,1
112,node1,40.9,0
113,node1,38.1,1
114,node1,31.77,1
115,node1,29.65,1
116,node1,36.94,1
117,node1,39.27,1
118,node1,27.34,1
119,node1,36.47,1
120,node1,28.2,1
121,node1,29.1,1
122,node1,36.24,1
123,node1,29.39,1
124,node1,28.22,1
125,node1,27.05,1
126,node1,36.47,1
127,node1,27.62,1
128,node1,50.49,0
129,node1,36.72,1
130,node1,36.7,1
131,node1,35.17,1
132,node1,37.64,1
133,node1,36.94,1
134,node1,29.39,1
135,node1,34.66,1
136,node1,34.14,1
137,node1,24.68,1
138,node1,32.3,1
139,node1,29.65,1
140,node1,27.34,1
141,node1,36.47,1
142,node1,32.03,1
143,node1,37.4,1
144,node1,38.81,1
145,node1,36.47,1
146,node1,36.7,1
147,node1,36.47,1
148,node1,21.01,1
149,node1,20.03,1
150,node1,21.32,1
151,node1,10.74,0
152,node1,21.0,1
153,node1,24.07,1
154,node1,22.9,1
155,node1,29.63,1
156,node1,24.65,1
157,node1,26.42,1
158,node1,26.42,1
159,node1,24.07,1
160,node1,25.53,1
161,node1,24.65,1
162,node1,20.67,1
163,node1,25.25,1
164,node1,37.37,1
165,node1,23.78,1
166,node1,25.53,1
167,node1,21.0,1
168,node1,20.01,1
169,node1,27.01,1
170,node1,24.07,1
171,node1,24.36,1
172,node1,22.61,1
173,node1,21.64,1
174,node1,25.82,1
175,node1,30.14,1
176,node1,18.73,1
177,node1,14.79,0
178,node1,21.0,1
179,node1,24.07,1
180,node1,25.84,1
181,node1,24.67,1
182,node1,26.13,1
183,node1,22.9,1
184,node1,38.28,1
185,node1,37.13,1
186,node1,274.79,0
187,node1,25.25,1
188,node1,25.84,1
189,node1,36.21,1
190,node1,29.63,1
191,node1,36.21,1
192,node1,25.84,1
193,node1,23.2,1
194,node1,30.16,1
195,node1,28.19,1
196,node1,29.89,1
197,node1,26.72,1
198,node1,25.82,1
199,node1,26.72,1
200,node1,26.4,1
201,node1,25.82,1
202,node1,26.43,1
203,node1,22.92,1
204,node1,27.59,1
205,node1,30.16,1
206,node1,26.43,1
207,node1,27.01,1
208,node1,25.26,1
209,node1,27.3,1
210,node1,27.01,1
211,node1,20.03,1
212,node1,25.55,1
213,node1,29.63,1
214,node1,24.38,1
215,node1,24.96,1
216,node1,23.78,1
217,node1,20.03,1
218,node1,22.29,1
219,node1,22.9,1
220,node1,24.97,1
221,node1,24.09,1
222,node1,29.63,1
223,node1,24.96,1
224,node1,26.15,1
225,node1,20.67,1
226,node1,26.13,1
227,node1,27.32,1
228,node1,28.19,1
229,node1,27.01,1
230,node1,26.72,1
231,node1,23.78,1
232,node1,22.3,1
233,node1,24.96,1
234,node1,26.43,1
235,node1,24.09,1
236,node1,22.61,1
237,node1,27.91,1
238,node1,22.61,1
239,node1,23.2,1
240,node1,21.32,1
241,node1,30.68,1
242,node1,19.38,1
243,node1,20.03,1
244,node1,21.96,1
245,node1,23.19,1
246,node1,24.67,1
247,node1,22.92,1
248,node1,23.8,1
249,node1,24.38,1
250,node1,23.8,1
251,node1,22.92,1
252,node1,30.16,1
253,node1,36.45,1
254,node1,17.76,1
255,node1,18.09,1
256,node1,16.47,1
257,node1,17.76,1
258,node1,17.1,1
259,node1,16.8,1
260,node1,18.09,1
261,node1,17.12,1
262,node1,17.12,1
263,node1,21.66,1
264,node1,18.09,1
265,node1,21.0,1
266,node1,17.44,1
267,node1,17.44,1
268,node1,18.73,1
269,node1,18.72,1
270,node1,17.44,1
271,node1,16.13,1
272,node1,16.46,1
273,node1,25.55,1
274,node1,17.1,1
275,node1,16.8,1
276,node1,21.0,1
277,node1,18.41,1
278,node1,18.41,1
279,node1,19.7,1
280,node1,23.48,1
281,node1,7.11,0
282,node1,20.33,1
283,node1,20.03,1
284,node1,18.41,1
285,node1,21.32,1
286,node1,29.89,1
287,node1,22.61,1
288,node1,20.67,1
289,node1,21.32,1
290,node1,26.42,1
291,node1,29.89,1
292,node1,36.67,1
293,node1,30.41,1
294,node1,29.63,1
295,node1,19.7,1
296,node1,19.7,1
297,node1,22.29,1
298,node1,23.78,1
299,node1,23.2,1
300,node1,21.0,1
301,node1,22.9,1
302,node1,26.13,1
303,node1,21.32,1
304,node1,23.19,1
305,node1,22.3,1
306,node1,21.64,1
307,node1,16.47,1
308,node1,18.73,1
309,node1,24.96,1
310,node1,27.9,1
311,node1,27.61,1
312,node1,29.36,1
313,node1,30.4,1
314,node1,26.13,1
315,node1,26.13,1
316,node1,26.71,1
317,node1,22.29,1
318,node1,23.48,1
319,node1,22.3,1
320,node1,24.38,1
321,node1,25.84,1
322,node1,22.9,1
323,node1,26.13,1
324,node1,21.64,1
325,node1,22.29,1
326,node1,25.26,1
327,node1,22.61,1
328,node1,22.3,1
329,node1,23.2,1
330,node1,21.96,1
331,node1,23.49,1
332,node1,23.49,1
333,node1,23.49,1
334,node1,24.96,1
335,node1,21.0,1
336,node1,28.17,1
337,node1,24.67,1
338,node1,29.92,1
339,node1,43.72,0
340,node1,39.27,1
341,node1,29.39,1
342,node1,28.51,1
343,node1,23.8,1
344,node1,21.98,1
345,node1,17.12,1
346,node1,15.49,1
347,node1,29.39,1
348,node1,35.72,1
349,node1,23.8,1
350,node1,24.68,1
351,node1,25.86,1
352,node1,23.51,1
353,node1,25.86,1
354,node1,30.17,1
355,node1,25.86,1
356,node1,25.57,1
357,node1,24.97,1
358,node1,25.55,1
359,node1,25.55,1
360,node1,24.68,1
361,node1,28.51,1
362,node1,29.65,1
363,node1,30.97,1
364,node1,29.65,1
365,node1,24.99,1
366,node1,23.22,1
367,node1,22.63,1
368,node1,29.39,1
369,node1,37.64,1
370,node1,22.3,1
371,node1,21.66,1
372,node1,22.3,1
373,node1,22.0,1
374,node1,22.92,1
375,node1,22.63,1
376,node1,26.16,1
377,node1,23.22,1
378,node1,22.93,1
379,node1,30.7,1
380,node1,31.25,1
381,node1,50.32,0
382,node1,36.94,1
383,node1,53.75,0
384,node1,43.23,0
385,node1,29.39,1
386,node1,29.65,1
387,node1,50.13,0
388,node1,30.43,1
389,node1,37.18,1
390,node1,45.05,0
391,node1,26.45,1
392,node1,29.92,1
393,node1,29.92,1
394,node1,27.32,1
395,node1,28.2,1
396,node1,27.05,1
397,node1,27.62,1
398,node1,39.03,1
399,node1,28.8,1
400,node1,27.32,1
401,node1,27.62,1
402,node1,30.17,1
403,node1,29.63,1
404,node1,27.05,1
405,node1,27.34,1
406,node1,30.96,1
407,node1,29.39,1
408,node1,29.65,1
409,node1,30.7,1
410,node1,25.57,1
411,node1,24.99,1
412,node1,24.11,1
413,node1,28.2,1
414,node1,30.45,1
415,node1,30.17,1
416,node1,26.16,1
417,node1,24.68,1
418,node1,25.57,1
419,node1,30.12,1
420,node1,38.05,1
421,node1,29.39,1
422,node1,16.15,1
423,node1,42.96,0
424,node1,14.45,0
425,node1,6.46,0
426,node1,30.45,1
427,node1,29.65,1
428,node1,32.01,1
429,node1,35.68,1
430,node1,30.94,1
431,node1,36.21,1
432,node1,23.22,1
433,node1,37.64,1
434,node1,27.62,1
435,node1,23.8,1
436,node1,36.92,1
437,node1,24.09,1
438,node1,29.36,1
439,node1,27.03,1
440,node1,50.46,0
441,node1,25.86,1
442,node1,27.32,1
443,node1,28.2,1
444,node1,24.38,1
445,node1,29.65,1
446,node1,26.15,1
447,node1,38.54,1
448,node1,25.26,1
449,node1,24.68,1
450,node1,24.68,1
451,node1,50.13,0
452,node1,29.92,1
453,node1,29.65,1
454,node1,36.94,1
455,node1,36.48,1
456,node1,36.47,1
457,node1,36.94,1
458,node1,36.7,1
459,node1,30.45,1
460,node1,36.48,1
461,node1,29.65,1
462,node1,27.05,1
463,node1,25.58,1
464,node1,27.62,1
465,node1,27.34,1
466,node1,50.47,0
467,node1,29.39,1
468,node1,29.92,1
469,node1,29.9,1
470,node1,29.36,1
471,node1,43.44,0
472,node1,29.63,1
473,node1,29.9,1
474,node1,38.1,1
475,node1,32.54,1
476,node1,30.43,1
477,node1,30.43,1
478,node1,30.17,1
479,node1,44.25,0
480,node1,46.68,0
481,node1,49.52,0
482,node1,44.85,0
483,node1,47.07,0
484,node1,50.29,0
485,node1,47.48,0
486,node1,48.31,0
487,node1,30.17,1
488,node1,23.51,1
489,node1,29.39,1
490,node1,28.22,1
491,node1,29.92,1
492,node1,26.45,1
493,node1,27.34,1
494,node1,29.39,1
495,node1,27.62,1
496,node1,39.97,1
497,node1,36.92,1
498,node1,28.22,1
499,node1,25.57,1
500,node1,27.91,1
501,node1,29.65,1
502,node1,29.39,1
503,node1,27.05,1
504,node1,28.22,1
505,node1,28.22,1
506,node1,29.1,1
507,node1,26.45,1
508,node1,27.62,1
509,node1,44.86,0
510,node1,36.24,1
511,node1,36.7,1
512,node1,36.7,1
513,node1,29.1,1
514,node1,26.45,1
515,node1,30.45,1
516,node1,24.7,1
517,node1,28.82,1
518,node1,36.23,1
519,node1,40.66,0
520,node1,47.31,0
521,node1,26.16,1
522,node1,28.8,1
523,node1,30.17,1
524,node1,28.8,1
525,node1,8.07,0
526,node1,6.78,0
527,node1,3.28,0
528,node1,2.31,0
529,node1,3.91,0
530,node1,4.86,0
531,node1,3.91,0
532,node1,41.6,0
533,node1,36.94,1
534,node1,50.3,0
535,node1,30.45,1
536,node1,36.24,1
537,node1,29.1,1
538,node1,29.39,1
539,node1,43.84,0
540,node1,26.15,1
541,node1,24.99,1
542,node1,23.53,1
543,node1,25.28,1
544,node1,27.05,1
545,node1,25.87,1
546,node1,29.65,1
547,node1,37.16,1
548,node1,37.64,1
549,node1,28.22,1
550,node1,28.22,1
551,node1,27.34,1
552,node1,25.57,1
553,node1,31.76,1
554,node1,27.34,1
555,node1,29.92,1
556,node1,27.62,1
557,node1,26.76,1
558,node1,29.1,1
559,node1,27.93,1
560,node1,27.93,1
561,node1,28.22,1
562,node1,29.67,1
563,node1,31.25,1
564,node1,30.45,1
565,node1,30.45,1
566,node1,42.33,0
567,node1,28.53,1
568,node1,34.92,1
569,node1,25.57,1
570,node1,31.23,1
571,node1,35.46,1
572,node1,27.05,1
573,node1,30.17,1
574,node1,34.94,1
575,node1,27.62,1
576,node1,19.72,1
577,node1,24.4,1
578,node1,29.39,1
579,node1,21.01,1
580,node1,29.92,1
581,node1,27.34,1
582,node1,24.4,1
583,node1,22.64,1
584,node1,23.51,1
585,node1,22.63,1
586,node1,31.77,1
587,node1,25.28,1
588,node1,36.48,1
589,node1,24.68,1
590,node1,28.22,1
591,node1,31.23,1
592,node1,22.63,1
593,node1,23.8,1
594,node1,31.25,1
595,node1,21.01,1
596,node1,21.35,1
597,node1,28.8,1
598,node1,21.01,1
599,node1,22.63,1
600,node1,27.93,1
601,node1,29.92,1
602,node1,23.51,1
603,node1,29.9,1
604,node1,29.92,1
605,node1,22.63,1
606,node1,32.03,1
607,node1,23.22,1
608,node1,28.51,1
609,node1,27.62,1
610,node1,25.87,1
611,node1,22.63,1
612,node1,23.82,1
613,node1,23.22,1
614,node1,22.92,1
615,node1,36.47,1
616,node1,22.63,1
617,node1,21.01,1
618,node1,23.22,1
619,node1,22.32,1
620,node1,30.45,1
621,node1,26.76,1
622,node1,24.41,1
623,node1,26.16,1
624,node1,25.28,1
625,node1,29.92,1
626,node1,24.4,1
627,node1,25.58,1
628,node1,25.57,1
629,node1,21.66,1
630,node1,22.0,1
631,node1,25.58,1
632,node1,30.97,1
633,node1,29.67,1
634,node1,36.48,1
635,node1,29.92,1
636,node1,21.01,1
637,node1,17.12,1
638,node1,29.39,1
639,node1,43.01,0
640,node1,32.03,1
641,node1,6.46,0
642,node1,10.76,0
643,node1,10.1,0
644,node1,10.42,0
645,node1,9.42,0
646,node1,10.76,0
647,node1,10.76,0
648,node1,10.76,0
649,node1,12.1,0
650,node1,11.44,0
651,node1,12.44,0
652,node1,30.7,1
653,node1,16.8,1
654,node1,36.23,1
655,node1,9.08,0
656,node1,9.42,0
657,node1,30.17,1
658,node1,17.14,1
659,node1,29.38,1
660,node1,37.4,1
661,node1,34.92,1
662,node1,29.92,1
663,node1,37.4,1
664,node1,29.41,1
665,node1,17.14,1
666,node1,41.62,0
667,node1,29.65,1
668,node1,16.81,1
669,node1,36.47,1
670,node1,39.53,1
671,node1,11.42,0
672,node1,13.12,0
673,node1,24.09,1
674,node1,30.45,1
675,node1,22.92,1
676,node1,27.34,1
677,node1,28.82,1
678,node1,23.82,1
679,node1,22.3,1
680,node1,22.93,1
681,node1,20.37,1
682,node1,20.04,1
683,node1,18.75,1
684,node1,19.07,1
685,node1,22.93,1
686,node1,19.72,1
687,node1,20.37,1
688,node1,18.43,1
689,node1,20.37,1
690,node1,19.4,1
691,node1,22.0,1
692,node1,22.92,1
693,node1,24.99,1
694,node1,25.28,1
695,node1,19.72,1
696,node1,22.0,1
697,node1,20.71,1
698,node1,22.3,1
699,node1,7.11,0
700,node1,18.41,1
701,node1,18.1,1
702,node1,22.0,1
703,node1,17.12,1
704,node1,21.01,1
705,node1,23.22,1
706,node1,19.72,1
707,node1,24.99,1
708,node1,25.87,1
709,node1,2.31,0
710,node1,4.86,0
711,node1,27.34,1
712,node1,24.4,1
713,node1,20.71,1
714,node1,26.16,1
715,node1,19.4,1
716,node1,18.75,1
717,node1,29.65,1
718,node1,29.92,1
719,node1,30.17,1
720,node1,22.92,1
721,node1,23.22,1
722,node1,19.72,1
723,node1,23.53,1
724,node1,22.32,1
725,node1,23.22,1
726,node1,10.44,0
727,node1,38.11,1
728,node1,30.45,1
729,node1,43.44,0
730,node1,23.22,1
731,node1,17.78,1
732,node1,23.22,1
733,node1,22.3,1
734,node1,18.43,1
735,node1,23.22,1
736,node1,18.43,1
737,node1,25.57,1
738,node1,21.01,1
739,node1,89.13,0
740,node1,87.14,0
741,node1,19.4,1
742,node1,27.93,1
743,node1,19.4,1
744,node1,16.81,1
745,node1,20.04,1
746,node1,17.12,1
747,node1,16.49,1
748,node1,15.83,1
749,node1,15.49,1
750,node1,26.45,1
751,node1,23.51,1
752,node1,23.22,1
753,node1,21.98,1
754,node1,22.63,1
755,node1,18.1,1
756,node1,9.08,0
757,node1,21.35,1
758,node1,18.43,1
759,node1,20.69,1
760,node1,22.3,1
761,node1,14.45,0
762,node1,23.49,1
763,node1,23.78,1
764,node1,24.96,1
765,node1,21.98,1
766,node1,17.12,1
767,node1,19.06,1
768,node1,26.16,1
769,node1,24.97,1
770,node1,22.61,1
771,node1,36.47,1
772,node1,21.01,1
773,node1,27.03,1
774,node1,23.2,1
775,node1,24.68,1
776,node1,22.92,1
777,node1,30.17,1
778,node1,37.62,1
779,node1,46.87,0
780,node1,29.9,1
781,node1,42.76,0
782,node1,29.39,1
783,node1,17.12,1
784,node1,22.63,1
785,node1,61.3,0
786,node1,22.63,1
787,node1,29.9,1
788,node1,22.63,1
789,node1,19.7,1
790,node1,27.32,1
791,node1,23.2,1
792,node1,19.4,1
793,node1,21.01,1
794,node1,19.4,1
795,node1,21.33,1
796,node1,37.38,1
797,node1,27.32,1
798,node1,16.15,1
799,node1,24.38,1
800,node1,23.8,1
801,node1,23.49,1
802,node1,23.22,1
803,node1,17.44,1
804,node1,26.74,1
805,node1,16.8,1
806,node1,17.12,1
807,node1,17.76,1
808,node1,16.15,1
809,node1,16.15,1
810,node1,17.44,1
811,node1,25.86,1
812,node1,9.08,0
813,node1,17.44,1
814,node1,29.09,1
815,node1,17.12,1
816,node1,16.8,1
817,node1,17.12,1
818,node1,16.15,1
819,node1,16.15,1
820,node1,18.73,1
821,node1,2.62,0
822,node1,2.31,0
823,node1,3.28,0
824,node1,48.0,0
825,node1,5.18,0
826,node1,5.18,0
827,node1,24.68,1
828,node1,6.78,0
829,node1,4.23,0
830,node1,4.56,0
831,node1,5.49,0
832,node1,5.18,0
833,node1,6.46,0
834,node1,36.45,1
835,node1,17.12,1
836,node1,24.67,1
837,node1,25.55,1
838,node1,27.32,1
839,node1,33.34,1
840,node1,33.32,1
841,node1,33.59,1
842,node1,21.01,1
843,node1,37.62,1
844,node1,43.23,0
845,node1,43.44,0
846,node1,31.23,1
847,node1,43.83,0
848,node1,50.3,0
849,node1,30.7,1
850,node1,45.46,0
851,node1,48.5,0
852,node1,50.47,0
853,node1,36.69,1
854,node1,45.87,0
855,node1,46.07,0
856,node1,17.12,1
857,node1,13.12,0
858,node1,12.44,0
859,node1,11.42,0
860,node1,43.42,0
861,node1,54.79,0
862,node1,45.24,0
863,node1,45.66,0
864,node1,16.15,1
865,node1,19.72,1
866,node1,17.12,1
867,node1,13.79,0
868,node1,12.78,0
869,node1,16.15,1
870,node1,13.12,0
871,node1,14.45,0
872,node1,16.8,1
873,node1,41.58,0
874,node1,44.63,0
875,node1,45.07,0
876,node1,43.42,0
877,node1,12.77,0
878,node1,40.66,0
879,node1,50.47,0
880,node1,43.83,0
881,node1,42.06,0
882,node1,50.47,0
883,node1,43.21,0
884,node1,43.42,0
885,node1,50.83,0
886,node1,40.9,0
887,node1,39.49,1
888,node1,20.37,1
889,node1,30.17,1
890,node1,50.81,0
891,node1,29.38,1
892,node1,35.96,1
893,node1,23.8,1
894,node1,22.63,1
895,node1,12.44,0
896,node1,37.38,1
897,node1,32.28,1
898,node1,41.84,0
899,node1,29.9,1
900,node1,40.88,0
901,node1,28.2,1
902,node1,29.39,1
903,node1,28.2,1
904,node1,28.51,1
905,node1,26.45,1
906,node1,28.2,1
907,node1,26.45,1
908,node1,27.32,1
909,node1,27.62,1
910,node1,28.51,1
911,node1,26.74,1
912,node1,27.62,1
913,node1,25.86,1
914,node1,28.51,1
915,node1,29.92,1
916,node1,40.19,0
917,node1,25.86,1
918,node1,28.51,1
919,node1,27.05,1
920,node1,29.65,1
921,node1,29.38,1
922,node1,26.72,1
923,node1,27.62,1
924,node1,27.93,1
925,node1,27.91,1
926,node1,39.97,1
927,node1,26.15,1
928,node1,30.43,1
929,node1,43.23,0
930,node1,50.46,0
931,node1,30.43,1
932,node1,45.46,0
933,node1,28.82,1
934,node1,42.06,0
935,node1,42.76,0
936,node1,29.65,1
937,node1,42.77,0
938,node1,29.65,1
939,node1,29.65,1
940,node1,42.53,0
941,node1,42.3,0
942,node1,36.23,1
943,node1,41.82,0
944,node1,57.15,0
945,node1,44.23,0
946,node1,45.44,0
947,node1,36.23,1
948,node1,43.23,0
949,node1,43.21,0
950,node1,50.3,0
951,node1,43.21,0
952,node1,55.47,0
953,node1,37.16,1
954,node1,38.79,1
955,node1,36.23,1
956,node1,39.25,1
957,node1,36.47,1
958,node1,36.45,1
959,node1,36.47,1
960,node1,36.45,1
961,node1,36.45,1
962,node1,36.47,1
963,node1,37.38,1
964,node1,36.45,1
965,node1,41.34,0
966,node1,57.15,0
967,node1,38.78,1
968,node1,56.81,0
969,node1,40.19,0
970,node1,37.15,1
971,node1,43.83,0
972,node1,42.26,0
973,node1,41.34,0
974,node1,58.38,0
975,node1,50.27,0
976,node1,18.41,1
977,node1,67.95,0
978,node1,67.8,0
979,node1,63.24,0
980,node1,36.45,1
981,node1,41.8,0
982,node1,41.56,0
983,node1,36.45,1
984,node1,23.49,1
985,node1,29.63,1
986,node1,30.16,1
987,node1,11.08,0
988,node1,6.46,0
989,node1,16.8,1
990,node1,24.68,1
991,node1,50.98,0
992,node1,37.64,1
993,node1,39.03,1
994,node1,54.6,0
995,node1,38.56,1
996,node1,39.51,1
997,node1,29.09,1
998,node1,36.48,1
999,node1,36.24,1
1000,node1,23.22,1
1001,node1,34.39,1
1002,node1,37.16,1
1003,node1,36.7,1
1004,node1,37.16,1
1005,node1,27.05,1
1006,node1,41.82,0
1007,node1,30.17,1
1008,node1,37.42,1
1009,node1,36.92,1
1010,node1,30.7,1
1011,node1,39.49,1
1012,node1,34.14,1
1013,node1,38.56,1
1014,node1,36.47,1
1015,node1,35.44,1
1016,node1,37.16,1
1017,node1,36.23,1
1018,node1,37.62,1
1019,node1,38.33,1
1020,node1,36.94,1
1021,node1,10.76,0
1022,node1,11.08,0
1023,node1,36.47,1
1024,node1,39.73,1
1025,node1,47.09,0
1026,node1,29.92,1
1027,node1,35.7,1
1028,node1,27.32,1
1029,node1,39.01,1
1030,node1,36.94,1
1031,node1,39.51,1
1032,node1,44.64,0
1033,node1,36.92,1
1034,node1,45.25,0
1035,node1,36.92,1
1036,node1,36.47,1
1037,node1,37.64,1
1038,node1,36.47,1
1039,node1,38.1,1
1040,node1,38.1,1
1041,node1,37.64,1
1042,node1,57.14,0
1043,node1,36.47,1
1044,node1,28.2,1
1045,node1,29.65,1
1046,node1,28.2,1
1047,node1,29.9,1
1048,node1,45.88,0
1049,node1,36.47,1
1050,node1,57.02,0
1051,node1,36.47,1
1052,node1,57.14,0
1053,node1,29.63,1
1054,node1,27.34,1
1055,node1,29.65,1
1056,node1,37.64,1
1057,node1,37.64,1
1058,node1,29.65,1
1059,node1,27.34,1
1060,node1,38.56,1
1061,node1,38.1,1
1062,node1,37.62,1
1063,node1,29.65,1
1064,node1,29.92,1
1065,node1,29.65,1
1066,node1,37.15,1
1067,node1,29.9,1
1068,node1,27.91,1
1069,node1,29.9,1
1070,node1,30.43,1
1071,node1,37.18,1
1072,node1,29.92,1
1073,node1,29.92,1
1074,node1,29.63,1
1075,node1,30.7,1
1076,node1,50.46,0
1077,node1,30.43,1
1078,node1,29.9,1
1079,node1,50.47,0
1080,node1,36.23,1
1081,node1,50.46,0
1082,node1,36.23,1
1083,node1,40.43,0
1084,node1,29.92,1
1085,node1,36.7,1
1086,node1,41.12,0
1087,node1,40.68,0
1088,node1,29.92,1
1089,node1,30.43,1
1090,node1,29.9,1
1091,node1,38.1,1
1092,node1,36.24,1
1093,node1,40.21,0
1094,node1,36.23,1
1095,node1,36.7,1
1096,node1,36.23,1
1097,node1,28.2,1
1098,node1,28.22,1
1099,node1,27.32,1
1100,node1,29.9,1
1101,node1,29.92,1
1102,node1,39.27,1
1103,node1,36.69,1
1104,node1,36.7,1
1105,node1,37.16,1
1106,node1,36.7,1
1107,node1,37.64,1
1108,node1,37.18,1
1109,node1,39.73,1
1110,node1,40.66,0
1111,node1,39.73,1
1112,node1,37.62,1
1113,node1,37.4,1
1114,node1,37.16,1
1115,node1,50.47,0
1116,node1,39.27,1
1117,node1,40.19,0
1118,node1,40.65,0
1119,node1,18.75,1
1120,node1,11.44,0
1121,node1,11.08,0
1122,node1,10.76,0
1123,node1,11.42,0
1124,node1,13.11,0
1125,node1,11.78,0
1126,node1,12.44,0
1127,node1,16.8,1
1128,node1,15.49,1
1129,node1,14.47,0
1130,node1,14.47,0
1131,node1,14.13,0
1132,node1,13.79,0
1133,node1,13.45,0
1134,node1,2.31,0
1135,node1,16.13,1
1136,node1,8.38,0
1137,node1,9.74,0
1138,node1,9.4,0
1139,node1,34.9,1
1140,node1,48.0,0
1141,node1,45.02,0
1142,node1,29.63,1
1143,node1,57.82,0
1144,node1,37.38,1
1145,node1,57.97,0
1146,node1,38.54,1
1147,node1,46.26,0
1148,node1,44.23,0
1149,node1,45.05,0
1150,node1,44.03,0
1151,node1,42.77,0
1152,node1,43.23,0
1153,node1,41.14,0
1154,node1,285.02,0
1155,node1,284.58,0
1156,node1,65.84,0
1157,node1,70.11,0
1158,node1,71.35,0
1159,node1,77.15,0
1160,node1,6.14,0
1161,node1,4.23,0
1162,node1,38.1,1
1163,node1,27.62,1
1164,node1,28.49,1
1165,node1,19.4,1
1166,node1,24.38,1
1167,node1,21.01,1
1168,node1,85.37,0
1169,node1,21.33,1
1170,node1,22.3,1
1171,node1,29.89,1
1172,node1,25.53,1
1173,node1,22.9,1
1174,node1,19.69,1
1175,node1,24.67,1
1176,node1,20.67,1
1177,node1,30.14,1
1178,node1,23.48,1
1179,node1,19.04,1
1180,node1,22.86,1
1181,node1,23.77,1
1182,node1,22.0,1
1183,node1,25.57,1
1184,node1,26.76,1
1185,node1,21.67,1
1186,node1,21.03,1
1187,node1,21.03,1
1188,node1,30.45,1
1189,node1,26.16,1
1190,node1,24.41,1
1191,node1,27.93,1
1192,node1,23.22,1
1193,node1,24.41,1
1194,node1,22.3,1
1195,node1,24.7,1
1196,node1,21.67,1
1197,node1,25.58,1
1198,node1,24.4,1
1199,node1,23.24,1
1200,node1,21.35,1
1201,node1,26.45,1
1202,node1,20.71,1
1203,node1,25.25,1
1204,node1,25.25,1
1205,node1,17.1,1
1206,node1,18.72,1
1207,node1,17.42,1
1208,node1,17.42,1
1209,node1,16.78,1
1210,node1,16.78,1
1211,node1,16.47,1
1212,node1,17.1,1
1213,node1,16.78,1
1214,node1,16.78,1
1215,node1,16.78,1
1216,node1,17.42,1
1217,node1,17.75,1
1218,node1,16.46,1
1219,node1,17.1,1
1220,node1,20.01,1
1221,node1,16.78,1
1222,node1,17.42,1
1223,node1,16.78,1
1224,node1,19.69,1
1225,node1,18.07,1
1226,node1,22.59,1
1227,node1,19.06,1
1228,node1,20.33,1
1229,node1,19.38,1
1230,node1,18.72,1
1231,node1,16.46,1
1232,node1,15.45,1
1233,node1,16.13,1
1234,node1,16.13,1
1235,node1,16.78,1
1236,node1,17.42,1
1237,node1,16.78,1
1238,node1,18.39,1
1239,node1,19.04,1
1240,node1,16.78,1
1241,node1,17.75,1
1242,node1,20.33,1
1243,node1,18.39,1
1244,node1,17.75,1
1245,node1,17.1,1
1246,node1,16.13,1
1247,node1,20.33,1
1248,node1,17.1,1
1249,node1,16.13,1
1250,node1,16.13,1
1251,node1,17.1,1
1252,node1,17.1,1
1253,node1,7.74,0
1254,node1,5.18,0
1255,node1,4.86,0
1256,node1,7.74,0
1257,node1,4.86,0
1258,node1,38.05,1
1259,node1,6.46,0
1260,node1,4.86,0
1261,node1,4.86,0
1262,node1,3.59,0
1263,node1,3.59,0
1264,node1,4.86,0
1265,node1,4.86,0
1266,node1,7.74,0
1267,node1,21.32,1
1268,node1,19.7,1
1269,node1,19.7,1
1270,node1,19.69,1
1271,node1,19.7,1
1272,node1,19.7,1
1273,node1,19.69,1
1274,node1,19.7,1
1275,node1,6.46,0
1276,node1,36.43,1
1277,node1,37.37,1
1278,node1,44.81,0
1279,node1,36.21,1
1280,node1,35.68,1
1281,node1,36.92,1
1282,node1,19.7,1
1283,node1,22.3,1
1284,node1,21.0,1
1285,node1,19.38,1
1286,node1,20.03,1
1287,node1,19.38,1
1288,node1,19.7,1
1289,node1,19.7,1
1290,node1,19.7,1
1291,node1,19.7,1
1292,node1,19.7,1
1293,node1,19.7,1
1294,node1,21.0,1
1295,node1,20.67,1
1296,node1,20.03,1
1297,node1,20.67,1
1298,node1,20.35,1
1299,node1,20.03,1
1300,node1,203.0,0
1301,node1,20.03,1
1302,node1,21.66,1
1303,node1,21.32,1
1304,node1,22.3,1
1305,node1,20.67,1
1306,node1,21.66,1
1307,node1,22.29,1
1308,node1,21.32,1
1309,node1,21.64,1
1310,node1,22.92,1
1311,node1,23.78,1
1312,node1,21.0,1
1313,node1,36.45,1
1314,node1,36.69,1
1315,node1,40.63,0
1316,node1,38.32,1
1317,node1,37.6,1
1318,node1,37.13,1
1319,node1,22.92,1
1320,node1,36.45,1
1321,node1,157.32,0
1322,node1,56.83,0
1323,node1,23.49,1
1324,node1,35.16,1
1325,node1,36.43,1
1326,node1,36.45,1
1327,node1,22.61,1
1328,node1,38.52,1
1329,node1,21.64,1
1330,node1,37.37,1
1331,node1,35.16,1
1332,node1,39.0,1
1333,node1,16.15,1
1334,node1,18.41,1
1335,node1,18.09,1
1336,node1,21.32,1
1337,node1,18.09,1
1338,node1,25.28,1
1339,node1,24.09,1
1340,node1,14.47,0
1341,node1,16.47,1
1342,node1,16.8,1
1343,node1,20.03,1
1344,node1,21.66,1
1345,node1,16.15,1
1346,node1,16.15,1
1347,node1,32.54,1
1348,node1,36.45,1
1349,node1,29.89,1
1350,node1,22.92,1
1351,node1,36.45,1
1352,node1,21.32,1
1353,node1,22.61,1
1354,node1,21.01,1
1355,node1,21.01,1
1356,node1,22.61,1
1357,node1,32.01,1
1358,node1,31.21,1
1359,node1,32.01,1
1360,node1,32.54,1
1361,node1,21.32,1
1362,node1,36.21,1
1363,node1,19.06,1
1364,node1,19.7,1
1365,node1,21.96,1
1366,node1,21.32,1
1367,node1,21.32,1
1368,node1,21.32,1
1369,node1,22.27,1
1370,node1,21.0,1
1371,node1,20.67,1
1372,node1,21.98,1
1373,node1,20.37,1
1374,node1,21.32,1
1375,node1,24.68,1
1376,node1,21.32,1
1377,node1,7.74,0
1378,node1,2.31,0
1379,node1,36.45,1
1380,node1,36.45,1
1381,node1,37.15,1
1382,node1,37.38,1
1383,node1,4.86,0
1384,node1,36.21,1
1385,node1,36.21,1
1386,node1,38.32,1
1387,node1,38.32,1
1388,node1,36.69,1
1389,node1,4.86,0
1390,node1,38.3,1
1391,node1,38.3,1
1392,node1,36.45,1
1393,node1,39.47,1
1394,node1,37.15,1
1395,node1,36.91,1
1396,node1,36.45,1
1397,node1,37.15,1
1398,node1,36.21,1
1399,node1,25.26,1
1400,node1,36.67,1
1401,node1,24.09,1
1402,node1,36.21,1
1403,node1,4.86,0
1404,node1,9.06,0
1405,node1,37.15,1
1406,node1,36.67,1
1407,node1,3.59,0
1408,node1,8.72,0
1409,node1,6.14,0
1410,node1,37.59,1
1411,node1,3.59,0
1412,node1,36.21,1
1413,node1,17.12,1
1414,node1,25.26,1
1415,node1,19.7,1
1416,node1,21.64,1
1417,node1,21.32,1
1418,node1,24.67,1
1419,node1,21.32,1
1420,node1,19.7,1
1421,node1,21.64,1
1422,node1,21.32,1
1423,node1,22.61,1
1424,node1,33.3,1
1425,node1,19.06,1
1426,node1,18.73,1
1427,node1,18.09,1
1428,node1,18.09,1
1429,node1,19.7,1
1430,node1,17.12,1
1431,node1,17.1,1
1432,node1,32.52,1
1433,node1,30.41,1
1434,node1,28.19,1
1435,node1,18.09,1
1436,node1,18.09,1
1437,node1,21.98,1
1438,node1,19.38,1
1439,node1,32.25,1
1440,node1,22.9,1
1441,node1,29.87,1
1442,node1,21.32,1
1443,node1,20.35,1
1444,node1,19.06,1
1445,node1,19.06,1
1446,node1,19.06,1
1447,node1,19.04,1
1448,node1,19.06,1
1449,node1,20.03,1
1450,node1,23.51,1
1451,node1,23.8,1
1452,node1,25.55,1
1453,node1,33.85,1
1454,node1,35.7,1
1455,node1,25.26,1
1456,node1,27.05,1
1457,node1,36.23,1
1458,node1,30.43,1
1459,node1,36.69,1
1460,node1,30.16,1
1461,node1,28.49,1
1462,node1,29.07,1
1463,node1,23.49,1
1464,node1,25.26,1
1465,node1,24.09,1
1466,node1,28.49,1
1467,node1,37.15,1
1468,node1,29.09,1
1469,node1,27.91,1
1470,node1,24.68,1
1471,node1,29.38,1
1472,node1,24.38,1
1473,node1,25.86,1
1474,node1,25.57,1
1475,node1,24.38,1
1476,node1,26.15,1
1477,node1,24.38,1
1478,node1,24.97,1
1479,node1,25.55,1
1480,node1,29.9,1
1481,node1,30.68,1
1482,node1,31.23,1
1483,node1,24.09,1
1484,node1,26.15,1
1485,node1,24.97,1
1486,node1,28.51,1
1487,node1,25.26,1
1488,node1,27.91,1
1489,node1,28.48,1
1490,node1,29.09,1
1491,node1,25.26,1
1492,node1,26.43,1
1493,node1,24.38,1
1494,node1,30.43,1
1495,node1,29.65,1
1496,node1,22.63,1
1497,node1,23.8,1
1498,node1,25.86,1
1499,node1,24.38,1
1500,node1,25.26,1
1501,node2,22.76,0
1502,node2,21.5,0
1503,node2,21.5,0
1504,node2,21.5,0
1505,node2,21.52,0
1506,node2,21.52,0
1507,node2,21.52,0
1508,node2,21.5,0
1509,node2,21.52,0
1510,node2,21.52,0
1511,node2,21.52,0
1512,node2,21.52,0
1513,node2,21.5,0
1514,node2,21.52,0
1515,node2,269.04,0
1516,node2,6.73,1
1517,node2,17.0,1
1518,node2,3.57,1
1519,node2,46.97,0
1520,node2,20.54,0
1521,node2,17.97,1
1522,node2,273.11,0
1523,node2,302.29,0
1524,node2,272.41,0
1525,node2,3.89,1
1526,node2,4.52,1
1527,node2,274.18,0
1528,node2,4.83,1
1529,node2,6.43,1
1530,node2,2.3,1
1531,node2,4.2,1
1532,node2,3.57,1
1533,node2,6.41,1
1534,node2,5.47,1
1535,node2,8.67,1
1536,node2,6.1,1
1537,node2,9.33,1
1538,node2,50.0,0
1539,node2,3.25,1
1540,node2,9.01,1
1541,node2,4.51,1
1542,node2,2.92,1
1543,node2,2.62,1
1544,node2,4.83,1
1545,node2,5.78,1
1546,node2,5.8,1
1547,node2,5.78,1
1548,node2,6.73,1
1549,node2,6.43,1
1550,node2,5.47,1
1551,node2,7.05,1
1552,node2,6.75,1
1553,node2,6.73,1
1554,node2,4.83,1
1555,node2,8.69,1
1556,node2,6.43,1
1557,node2,6.43,1
1558,node2,6.43,1
1559,node2,6.73,1
1560,node2,6.41,1
1561,node2,6.43,1
1562,node2,7.05,1
1563,node2,7.38,1
1564,node2,9.35,1
1565,node2,7.7,1
1566,node2,5.47,1
1567,node2,5.8,1
1568,node2,5.47,1
1569,node2,6.1,1
1570,node2,6.73,1
1571,node2,6.43,1
1572,node2,6.43,1
1573,node2,6.75,1
1574,node2,5.8,1
1575,node2,7.05,1
1576,node2,5.47,1
1577,node2,6.43,1
1578,node2,5.78,1
1579,node2,6.41,1
1580,node2,9.35,1
1581,node2,7.38,1
1582,node2,5.47,1
1583,node2,6.41,1
1584,node2,7.05,1
1585,node2,7.05,1
1586,node2,7.38,1
1587,node2,8.01,1
1588,node2,6.75,1
1589,node2,17.97,1
1590,node2,6.43,1
1591,node2,8.33,1
1592,node2,7.38,1
1593,node2,5.8,1
1594,node2,6.43,1
1595,node2,6.1,1
1596,node2,7.05,1
1597,node2,7.7,1
1598,node2,8.33,1
1599,node2,8.01,1
1600,node2,7.7,1
1601,node2,8.67,1
1602,node2,9.69,1
1603,node2,7.7,1
1604,node2,6.73,1
1605,node2,6.43,1
1606,node2,8.33,1
1607,node2,7.05,1
1608,node2,6.1,1
1609,node2,6.1,1
1610,node2,6.1,1
1611,node2,7.38,1
1612,node2,6.41,1
1613,node2,7.38,1
1614,node2,8.01,1
1615,node2,7.05,1
1616,node2,6.43,1
1617,node2,6.73,1
1618,node2,8.33,1
1619,node2,6.73,1
1620,node2,6.43,1
1621,node2,8.33,1
1622,node2,6.43,1
1623,node2,6.43,1
1624,node2,8.33,1
1625,node2,8.69,1
1626,node2,8.01,1
1627,node2,8.69,1
1628,node2,8.33,1
1629,node2,10.01,1
1630,node2,9.01,1
1631,node2,8.69,1
1632,node2,6.73,1
1633,node2,6.73,1
1634,node2,6.73,1
1635,node2,9.01,1
1636,node2,7.68,1
1637,node2,9.67,1
1638,node2,11.02,1
1639,node2,8.69,1
1640,node2,8.69,1
1641,node2,9.01,1
1642,node2,9.35,1
1643,node2,9.01,1
1644,node2,9.69,1
1645,node2,11.02,1
1646,node2,9.67,1
1647,node2,10.01,1
1648,node2,9.69,1
1649,node2,9.69,1
1650,node2,8.33,1
1651,node2,7.05,1
1652,node2,8.02,1
1653,node2,9.69,1
1654,node2,8.01,1
1655,node2,8.01,1
1656,node2,7.38,1
1657,node2,7.38,1
1658,node2,8.01,1
1659,node2,7.7,1
1660,node2,6.73,1
1661,node2,7.68,1
1662,node2,7.38,1
1663,node2,5.8,1
1664,node2,5.47,1
1665,node2,5.15,1
1666,node2,6.41,1
1667,node2,6.43,1
1668,node2,277.42,0
1669,node2,5.15,1
1670,node2,5.47,1
1671,node2,7.7,1
1672,node2,8.69,1
1673,node2,217.24,0
1674,node2,5.15,1
1675,node2,8.67,1
1676,node2,9.35,1
1677,node2,6.73,1
1678,node2,9.33,1
1679,node2,7.68,1
1680,node2,8.01,1
1681,node2,9.01,1
1682,node2,10.01,1
1683,node2,8.67,1
1684,node2,7.68,1
1685,node2,8.33,1
1686,node2,9.35,1
1687,node2,9.69,1
1688,node2,9.69,1
1689,node2,7.7,1
1690,node2,8.01,1
1691,node2,6.41,1
1692,node2,7.68,1
1693,node2,7.68,1
1694,node2,6.75,1
1695,node2,6.1,1
1696,node2,5.8,1
1697,node2,7.7,1
1698,node2,6.1,1
1699,node2,6.1,1
1700,node2,6.1,1
1701,node2,5.15,1
1702,node2,6.43,1
1703,node2,5.15,1
1704,node2,5.15,1
1705,node2,4.51,1
1706,node2,5.47,1
1707,node2,5.47,1
1708,node2,4.83,1
1709,node2,5.8,1
1710,node2,7.68,1
1711,node2,5.78,1
1712,node2,5.47,1
1713,node2,4.52,1
1714,node2,3.89,1
1715,node2,5.47,1
1716,node2,5.8,1
1717,node2,9.69,1
1718,node2,5.15,1
1719,node2,5.47,1
1720,node2,5.15,1
1721,node2,9.01,1
1722,node2,5.15,1
1723,node2,3.57,1
1724,node2,4.2,1
1725,node2,3.89,1
1726,node2,2.92,1
1727,node2,4.2,1
1728,node2,3.89,1
1729,node2,3.89,1
1730,node2,3.89,1
1731,node2,5.15,1
1732,node2,4.52,1
1733,node2,4.83,1
1734,node2,4.52,1
1735,node2,3.57,1
1736,node2,3.89,1
1737,node2,3.25,1
1738,node2,5.47,1
1739,node2,4.83,1
1740,node2,4.2,1
1741,node2,4.52,1
1742,node2,3.57,1
1743,node2,4.2,1
1744,node2,6.41,1
1745,node2,5.47,1
1746,node2,5.46,1
1747,node2,6.43,1
1748,node2,7.38,1
1749,node2,7.38,1
1750,node2,7.36,1
1751,node2,5.47,1
1752,node2,8.01,1
1753,node2,4.52,1
1754,node2,5.8,1
1755,node2,4.52,1
1756,node2,56.61,0
1757,node2,24.51,0
1758,node2,24.53,0
1759,node2,36.45,0
1760,node2,24.79,0
1761,node2,54.77,0
1762,node2,57.34,0
1763,node2,3.89,1
1764,node2,19.26,1
1765,node2,17.0,1
1766,node2,5.78,1
1767,node2,6.41,1
1768,node2,5.15,1
1769,node2,5.15,1
1770,node2,5.15,1
1771,node2,6.43,1
1772,node2,7.38,1
1773,node2,7.38,1
1774,node2,7.38,1
1775,node2,7.38,1
1776,node2,7.36,1
1777,node2,7.38,1
1778,node2,7.38,1
1779,node2,7.38,1
1780,node2,7.38,1
1781,node2,7.38,1
1782,node2,7.38,1
1783,node2,7.38,1
1784,node2,7.38,1
1785,node2,7.38,1
1786,node2,7.38,1
1787,node2,7.36,1
1788,node2,7.38,1
1789,node2,7.38,1
1790,node2,7.38,1
1791,node2,7.38,1
1792,node2,7.36,1
1793,node2,6.1,1
1794,node2,6.73,1
1795,node2,4.83,1
1796,node2,4.83,1
1797,node2,4.83,1
1798,node2,4.83,1
1799,node2,5.8,1
1800,node2,5.8,1
1801,node2,5.78,1
1802,node2,5.8,1
1803,node2,5.78,1
1804,node2,5.78,1
1805,node2,5.8,1
1806,node2,5.8,1
1807,node2,5.78,1
1808,node2,5.78,1
1809,node2,5.78,1
1810,node2,6.1,1
1811,node2,6.1,1
1812,node2,6.1,1
1813,node2,7.38,1
1814,node2,6.1,1
1815,node2,7.38,1
1816,node2,6.1,1
1817,node2,6.1,1
1818,node2,6.1,1
1819,node2,7.38,1
1820,node2,6.1,1
1821,node2,7.38,1
1822,node2,6.1,1
1823,node2,6.1,1
1824,node2,6.1,1
1825,node2,7.38,1
1826,node2,6.1,1
1827,node2,6.1,1
1828,node2,7.38,1
1829,node2,6.1,1
1830,node2,6.1,1
1831,node2,6.1,1
1832,node2,6.1,1
1833,node2,6.1,1
1834,node2,6.1,1
1835,node2,7.38,1
1836,node2,6.1,1
1837,node2,7.38,1
1838,node2,7.38,1
1839,node2,6.1,1
1840,node2,7.38,1
1841,node2,7.38,1
1842,node2,6.1,1
1843,node2,6.1,1
1844,node2,6.1,1
1845,node2,6.1,1
1846,node2,6.1,1
1847,node2,6.1,1
1848,node2,6.1,1
1849,node2,6.1,1
1850,node2,6.1,1
1851,node2,6.1,1
1852,node2,6.1,1
1853,node2,6.1,1
1854,node2,6.1,1
1855,node2,6.1,1
1856,node2,6.1,1
1857,node2,6.1,1
1858,node2,6.1,1
1859,node2,6.1,1
1860,node2,6.1,1
1861,node2,6.1,1
1862,node2,6.1,1
1863,node2,6.1,1
1864,node2,6.1,1
1865,node2,6.1,1
1866,node2,6.1,1
1867,node2,6.1,1
1868,node2,6.1,1
1869,node2,6.1,1
1870,node2,6.1,1
1871,node2,6.1,1
1872,node2,6.1,1
1873,node2,6.1,1
1874,node2,6.1,1
1875,node2,6.1,1
1876,node2,6.1,1
1877,node2,6.1,1
1878,node2,6.1,1
1879,node2,6.1,1
1880,node2,6.1,1
1881,node2,6.1,1
1882,node2,6.1,1
1883,node2,6.1,1
1884,node2,6.1,1
1885,node2,6.1,1
1886,node2,6.1,1
1887,node2,6.1,1
1888,node2,6.1,1
1889,node2,6.1,1
1890,node2,6.1,1
1891,node2,6.1,1
1892,node2,6.1,1
1893,node2,6.1,1
1894,node2,6.1,1
1895,node2,6.1,1
1896,node2,6.1,1
1897,node2,6.1,1
1898,node2,6.1,1
1899,node2,6.1,1
1900,node2,6.1,1
1901,node2,6.1,1
1902,node2,6.1,1
1903,node2,6.1,1
1904,node2,6.1,1
1905,node2,6.1,1
1906,node2,6.1,1
1907,node2,6.1,1
1908,node2,6.1,1
1909,node2,6.1,1
1910,node2,6.1,1
1911,node2,6.1,1
1912,node2,6.1,1
1913,node2,6.1,1
1914,node2,6.1,1
1915,node2,6.1,1
1916,node2,10.35,1
1917,node2,6.43,1
1918,node2,9.01,1
1919,node2,3.89,1
1920,node2,10.35,1
1921,node2,16.69,1
1922,node2,9.69,1
1923,node2,9.67,1
1924,node2,10.01,1
1925,node2,5.47,1
1926,node2,4.2,1
1927,node2,5.47,1
1928,node2,4.2,1
1929,node2,3.25,1
1930,node2,3.25,1
1931,node2,3.25,1
1932,node2,3.25,1
1933,node2,3.25,1
1934,node2,7.05,1
1935,node2,9.35,1
1936,node2,9.69,1
1937,node2,3.89,1
1938,node2,6.41,1
1939,node2,4.84,1
1940,node2,5.15,1
1941,node2,4.52,1
1942,node2,4.2,1
1943,node2,4.51,1
1944,node2,4.83,1
1945,node2,17.32,1
1946,node2,7.68,1
1947,node2,13.7,1
1948,node2,5.47,1
1949,node2,3.25,1
1950,node2,7.38,1
1951,node2,6.1,1
1952,node2,6.1,1
1953,node2,6.1,1
1954,node2,9.01,1
1955,node2,9.35,1
1956,node2,9.35,1
1957,node2,9.35,1
1958,node2,11.02,1
1959,node2,11.02,1
1960,node2,11.02,1
1961,node2,11.02,1
1962,node2,11.02,1
1963,node2,11.02,1
1964,node2,4.83,1
1965,node2,3.89,1
1966,node2,3.88,1
1967,node2,3.89,1
1968,node2,3.89,1
1969,node2,3.88,1
1970,node2,3.88,1
1971,node2,3.89,1
1972,node2,3.89,1
1973,node2,3.89,1
1974,node2,3.89,1
1975,node2,3.89,1
1976,node2,3.89,1
1977,node2,3.89,1
1978,node2,3.89,1
1979,node2,3.88,1
1980,node2,3.89,1
1981,node2,3.88,1
1982,node2,3.88,1
1983,node2,3.89,1
1984,node2,3.89,1
1985,node2,3.89,1
1986,node2,3.89,1
1987,node2,3.89,1
1988,node2,3.88,1
1989,node2,3.89,1
1990,node2,3.89,1
1991,node2,3.89,1
1992,node2,3.89,1
1993,node2,3.89,1
1994,node2,3.89,1
1995,node2,3.89,1
1996,node2,3.89,1
1997,node2,3.89,1
1998,node2,3.88,1
1999,node2,5.15,1
2000,node2,5.15,1
2001,node2,5.15,1
2002,node2,5.15,1
2003,node2,5.15,1
2004,node2,5.15,1
2005,node2,4.2,1
2006,node2,5.15,1
2007,node2,5.15,1
2008,node2,4.2,1
2009,node2,4.2,1
2010,node2,4.2,1
2011,node2,4.2,1
2012,node2,4.2,1
2013,node2,4.2,1
2014,node2,4.2,1
2015,node2,4.2,1
2016,node2,4.2,1
2017,node2,4.2,1
2018,node2,4.2,1
2019,node2,4.2,1
2020,node2,4.2,1
2021,node2,4.2,1
2022,node2,4.2,1
2023,node2,4.2,1
2024,node2,4.2,1
2025,node2,4.2,1
2026,node2,4.2,1
2027,node2,4.2,1
2028,node2,4.2,1
2029,node2,4.2,1
2030,node2,4.2,1
2031,node2,4.2,1
2032,node2,4.2,1
2033,node2,4.2,1
2034,node2,4.2,1
2035,node2,4.2,1
2036,node2,4.2,1
2037,node2,4.2,1
2038,node2,4.2,1
2039,node2,4.2,1
2040,node2,4.2,1
2041,node2,4.2,1
2042,node2,4.2,1
2043,node2,4.2,1
2044,node2,4.2,1
2045,node2,4.2,1
2046,node2,4.2,1
2047,node2,4.2,1
2048,node2,4.2,1
2049,node2,4.2,1
2050,node2,4.2,1
2051,node2,4.2,1
2052,node2,4.2,1
2053,node2,4.2,1
2054,node2,4.2,1
2055,node2,4.2,1
2056,node2,4.2,1
2057,node2,4.2,1
2058,node2,4.2,1
2059,node2,4.2,1
2060,node2,4.2,1
2061,node2,4.2,1
2062,node2,4.2,1
2063,node2,4.2,1
2064,node2,4.2,1
2065,node2,4.2,1
2066,node2,4.2,1
2067,node2,4.2,1
2068,node2,4.2,1
2069,node2,4.2,1
2070,node2,4.2,1
2071,node2,4.2,1
2072,node2,4.2,1
2073,node2,4.2,1
2074,node2,4.2,1
2075,node2,4.2,1
2076,node2,4.2,1
2077,node2,4.2,1
2078,node2,4.2,1
2079,node2,4.2,1
2080,node2,4.2,1
2081,node2,4.2,1
2082,node2,4.2,1
2083,node2,4.2,1
2084,node2,4.2,1
2085,node2,4.2,1
2086,node2,4.2,1
2087,node2,4.2,1
2088,node2,4.2,1
2089,node2,4.2,1
2090,node2,4.2,1
2091,node2,4.2,1
2092,node2,7.68,1
2093,node2,19.91,1
2094,node2,8.69,1
2095,node2,4.2,1
2096,node2,4.2,1
2097,node2,5.47,1
2098,node2,16.03,1
2099,node2,11.36,1
2100,node2,25.98,0
2101,node2,23.36,0
2102,node2,16.05,1
2103,node2,20.88,0
2104,node2,16.03,1
2105,node2,16.05,1
2106,node2,16.03,1
2107,node2,20.88,0
2108,node2,20.88,0
2109,node2,20.88,0
2110,node2,20.88,0
2111,node2,20.86,0
2112,node2,20.88,0
2113,node2,16.05,1
2114,node2,22.15,0
2115,node2,20.86,0
2116,node2,16.69,1
2117,node2,22.15,0
2118,node2,45.17,0
2119,node2,20.86,0
2120,node2,31.28,0
2121,node2,25.4,0
2122,node2,35.73,0
2123,node2,22.15,0
2124,node2,20.86,0
2125,node2,36.21,0
2126,node2,22.15,0
2127,node2,22.15,0
2128,node2,22.15,0
2129,node2,22.15,0
2130,node2,22.17,0
2131,node2,22.15,0
2132,node2,22.15,0
2133,node2,23.34,0
2134,node2,22.17,0
2135,node2,22.15,0
2136,node2,22.15,0
2137,node2,22.17,0
2138,node2,22.15,0
2139,node2,18.61,1
2140,node2,3.25,1
2141,node2,3.57,1
2142,node2,2.62,1
2143,node2,2.62,1
2144,node2,2.6,1
2145,node2,2.62,1
2146,node2,2.62,1
2147,node2,2.62,1
2148,node2,2.6,1
2149,node2,2.62,1
2150,node2,2.62,1
2151,node2,3.57,1
2152,node2,3.57,1
2153,node2,3.57,1
2154,node2,3.57,1
2155,node2,3.57,1
2156,node2,3.57,1
2157,node2,3.57,1
2158,node2,3.57,1
2159,node2,3.57,1
2160,node2,3.57,1
2161,node2,3.57,1
2162,node2,3.57,1
2163,node2,3.57,1
2164,node2,3.57,1
2165,node2,3.57,1
2166,node2,3.57,1
2167,node2,3.57,1
2168,node2,3.57,1
2169,node2,3.57,1
2170,node2,3.57,1
2171,node2,3.57,1
2172,node2,3.57,1
2173,node2,3.57,1
2174,node2,3.57,1
2175,node2,3.57,1
2176,node2,3.57,1
2177,node2,3.57,1
2178,node2,3.57,1
2179,node2,3.57,1
2180,node2,3.57,1
2181,node2,3.57,1
2182,node2,3.57,1
2183,node2,3.57,1
2184,node2,3.57,1
2185,node2,3.57,1
2186,node2,3.57,1
2187,node2,3.57,1
2188,node2,3.57,1
2189,node2,3.57,1
2190,node2,3.57,1
2191,node2,3.57,1
2192,node2,3.57,1
2193,node2,3.57,1
2194,node2,3.57,1
2195,node2,3.57,1
2196,node2,3.57,1
2197,node2,3.57,1
2198,node2,3.57,1
2199,node2,3.57,1
2200,node2,3.57,1
2201,node2,3.57,1
2202,node2,3.57,1
2203,node2,3.57,1
2204,node2,3.57,1
2205,node2,3.57,1
2206,node2,3.57,1
2207,node2,3.57,1
2208,node2,3.57,1
2209,node2,16.37,1
2210,node2,16.37,1
2211,node2,19.91,1
2212,node2,16.35,1
2213,node2,17.0,1
2214,node2,18.63,1
2215,node2,16.69,1
2216,node2,20.23,0
2217,node2,17.65,1
2218,node2,17.65,1
2219,node2,17.65,1
2220,node2,16.35,1
2221,node2,5.15,1
2222,node2,4.83,1
2223,node2,4.83,1
2224,node2,12.02,1
2225,node2,7.05,1
2226,node2,19.91,1
2227,node2,20.23,0
2228,node2,18.61,1
2229,node2,17.34,1
2230,node2,17.34,1
2231,node2,17.34,1
2232,node2,18.94,1
2233,node2,18.94,1
2234,node2,20.23,0
2235,node2,18.61,1
2236,node2,17.34,1
2237,node2,18.94,1
2238,node2,18.94,1
2239,node2,18.61,1
2240,node2,17.32,1
2241,node2,18.61,1
2242,node2,18.61,1
2243,node2,18.63,1
2244,node2,18.63,1
2245,node2,18.29,1
2246,node2,2.3,1
2247,node2,2.92,1
2248,node2,3.89,1
2249,node2,4.2,1
2250,node2,3.25,1
2251,node2,3.57,1
2252,node2,3.57,1
2253,node2,3.57,1
2254,node2,3.57,1
2255,node2,2.92,1
2256,node2,3.57,1
2257,node2,3.88,1
2258,node2,2.6,1
2259,node2,19.91,1
2260,node2,18.29,1
2261,node2,19.91,1
2262,node2,8.67,1
2263,node2,7.68,1
2264,node2,8.01,1
2265,node2,7.05,1
2266,node2,8.33,1
2267,node2,8.33,1
2268,node2,3.25,1
2269,node2,3.57,1
2270,node2,2.62,1
2271,node2,2.6,1
2272,node2,2.6,1
2273,node2,2.62,1
2274,node2,2.6,1
2275,node2,2.62,1
2276,node2,2.6,1
2277,node2,2.62,1
2278,node2,2.62,1
2279,node2,2.62,1
2280,node2,2.62,1
2281,node2,2.6,1
2282,node2,2.6,1
2283,node2,2.6,1
2284,node2,2.6,1
2285,node2,2.62,1
2286,node2,2.62,1
2287,node2,17.0,1
2288,node2,6.1,1
2289,node2,2.62,1
2290,node2,8.33,1
2291,node2,8.33,1
2292,node2,8.33,1
2293,node2,8.33,1
2294,node2,8.33,1
2295,node2,8.33,1
2296,node2,8.33,1
2297,node2,6.1,1
2298,node2,8.33,1
2299,node2,8.33,1
2300,node2,6.1,1
2301,node2,6.1,1
2302,node2,6.1,1
2303,node2,6.1,1
2304,node2,6.1,1
2305,node2,6.1,1
2306,node2,6.1,1
2307,node2,7.05,1
2308,node2,6.1,1
2309,node2,6.1,1
2310,node2,6.1,1
2311,node2,6.1,1
2312,node2,6.1,1
2313,node2,6.1,1
2314,node2,6.1,1
2315,node2,6.1,1
2316,node2,6.1,1
2317,node2,6.1,1
2318,node2,6.1,1
2319,node2,7.05,1
2320,node2,6.1,1
2321,node2,6.1,1
2322,node2,6.1,1
2323,node2,6.1,1
2324,node2,6.1,1
2325,node2,6.1,1
2326,node2,6.1,1
2327,node2,6.1,1
2328,node2,6.1,1
2329,node2,6.1,1
2330,node2,6.1,1
2331,node2,6.1,1
2332,node2,6.1,1
2333,node2,6.1,1
2334,node2,6.1,1
2335,node2,6.1,1
2336,node2,6.1,1
2337,node2,6.1,1
2338,node2,6.1,1
2339,node2,6.1,1
2340,node2,10.34,1
2341,node2,21.84,0
2342,node2,22.76,0
2343,node2,21.84,0
2344,node2,11.02,1
2345,node2,22.76,0
2346,node2,22.76,0
2347,node2,23.65,0
2348,node2,22.76,0
2349,node2,50.64,0
2350,node2,51.49,0
2351,node2,55.79,0
2352,node2,56.76,0
2353,node2,5.47,1
2354,node2,5.47,1
2355,node2,4.51,1
2356,node2,5.8,1
2357,node2,4.83,1
2358,node2,4.83,1
2359,node2,4.83,1
2360,node2,4.83,1
2361,node2,4.83,1
2362,node2,4.83,1
2363,node2,4.83,1
2364,node2,4.83,1
2365,node2,4.83,1
2366,node2,4.83,1
2367,node2,4.83,1
2368,node2,4.83,1
2369,node2,4.83,1
2370,node2,4.83,1
2371,node2,4.83,1
2372,node2,4.83,1
2373,node2,4.83,1
2374,node2,4.83,1
2375,node2,4.83,1
2376,node2,4.83,1
2377,node2,4.83,1
2378,node2,4.83,1
2379,node2,4.83,1
2380,node2,4.83,1
2381,node2,4.84,1
2382,node2,4.83,1
2383,node2,4.83,1
2384,node2,4.84,1
2385,node2,4.83,1
2386,node2,4.84,1
2387,node2,4.84,1
2388,node2,4.83,1
2389,node2,4.83,1
2390,node2,4.83,1
2391,node2,4.83,1
2392,node2,4.84,1
2393,node2,4.83,1
2394,node2,4.83,1
2395,node2,4.83,1
2396,node2,4.83,1
2397,node2,4.83,1
2398,node2,4.83,1
2399,node2,4.3,1
2400,node2,4.83,1
2401,node2,4.83,1
2402,node2,4.84,1
2403,node2,4.83,1
2404,node2,4.83,1
2405,node2,4.84,1
2406,node2,4.83,1
2407,node2,4.83,1
2408,node2,4.83,1
2409,node2,3.88,1
2410,node2,4.84,1
2411,node2,3.88,1
2412,node2,4.83,1
2413,node2,4.83,1
2414,node2,4.83,1
2415,node2,4.84,1
2416,node2,4.83,1
2417,node2,4.83,1
2418,node2,4.83,1
2419,node2,4.83,1
2420,node2,4.83,1
2421,node2,4.83,1
2422,node2,3.89,1
2423,node2,3.89,1
2424,node2,4.83,1
2425,node2,3.89,1
2426,node2,4.83,1
2427,node2,3.88,1
2428,node2,3.88,1
2429,node2,3.88,1
2430,node2,6.1,1
2431,node2,4.83,1
2432,node2,4.83,1
2433,node2,4.84,1
2434,node2,3.89,1
2435,node2,4.83,1
2436,node2,3.89,1
2437,node2,3.89,1
2438,node2,6.1,1
2439,node2,3.89,1
2440,node2,4.84,1
2441,node2,4.83,1
2442,node2,3.88,1
2443,node2,4.83,1
2444,node2,6.1,1
2445,node2,3.89,1
2446,node2,3.88,1
2447,node2,3.89,1
2448,node2,3.88,1
2449,node2,6.1,1
2450,node2,3.88,1
2451,node2,3.89,1
2452,node2,4.83,1
2453,node2,3.88,1
2454,node2,3.89,1
2455,node2,3.88,1
2456,node2,3.88,1
2457,node2,3.88,1
2458,node2,3.88,1
2459,node2,3.88,1
2460,node2,3.89,1
2461,node2,3.89,1
2462,node2,3.88,1
2463,node2,3.89,1
2464,node2,3.89,1
2465,node2,8.67,1
2466,node2,6.1,1
2467,node2,3.57,1
2468,node2,3.57,1
2469,node2,3.57,1
2470,node2,3.57,1
2471,node2,3.57,1
2472,node2,3.57,1
2473,node2,3.57,1
2474,node2,3.57,1
2475,node2,3.57,1
2476,node2,3.57,1
2477,node2,3.57,1
2478,node2,3.57,1
2479,node2,3.57,1
2480,node2,3.57,1
2481,node2,3.57,1
2482,node2,3.57,1
2483,node2,3.57,1
2484,node2,3.57,1
2485,node2,3.57,1
2486,node2,3.57,1
2487,node2,3.57,1
2488,node2,3.57,1
2489,node2,3.57,1
2490,node2,3.57,1
2491,node2,3.57,1
2492,node2,3.57,1
2493,node2,3.57,1
2494,node2,3.57,1
2495,node2,3.57,1
2496,node2,3.57,1
2497,node2,3.57,1
2498,node2,3.57,1
2499,node2,3.57,1
2500,node2,3.57,1
2501,node2,3.57,1
2502,node2,3.57,1
2503,node2,3.57,1
2504,node2,3.57,1
2505,node2,3.57,1
2506,node2,3.57,1
2507,node2,3.57,1
2508,node2,3.57,1
2509,node2,3.57,1
2510,node2,3.57,1
2511,node2,3.57,1
2512,node2,3.57,1
2513,node2,3.57,1
2514,node2,3.57,1
2515,node2,3.57,1
2516,node2,3.57,1
2517,node2,3.57,1
2518,node2,3.57,1
2519,node2,3.57,1
2520,node2,3.57,1
2521,node2,3.57,1
2522,node2,3.57,1
2523,node2,3.57,1
2524,node2,3.57,1
2525,node2,3.57,1
2526,node2,3.57,1
2527,node2,3.57,1
2528,node2,3.57,1
2529,node2,3.57,1
2530,node2,3.57,1
2531,node2,3.57,1
2532,node2,3.57,1
2533,node2,3.57,1
2534,node2,3.57,1
2535,node2,3.57,1
2536,node2,3.57,1
2537,node2,3.57,1
2538,node2,3.57,1
2539,node2,3.57,1
2540,node2,3.57,1
2541,node2,3.57,1
2542,node2,3.57,1
2543,node2,3.57,1
2544,node2,3.57,1
2545,node2,3.57,1
2546,node2,3.57,1
2547,node2,3.57,1
2548,node2,3.57,1
2549,node2,3.57,1
2550,node2,3.57,1
2551,node2,3.57,1
2552,node2,3.57,1
2553,node2,3.57,1
2554,node2,3.57,1
2555,node2,3.57,1
2556,node2,3.57,1
2557,node2,3.57,1
2558,node2,3.57,1
2559,node2,3.57,1
2560,node2,3.57,1
2561,node2,3.57,1
2562,node2,3.57,1
2563,node2,3.57,1
2564,node2,3.57,1
2565,node2,3.57,1
2566,node2,3.57,1
2567,node2,3.57,1
2568,node2,3.57,1
2569,node2,3.57,1
2570,node2,3.57,1
2571,node2,3.57,1
2572,node2,3.57,1
2573,node2,3.57,1
2574,node2,3.57,1
2575,node2,3.57,1
2576,node2,3.57,1
2577,node2,3.57,1
2578,node2,3.57,1
2579,node2,3.57,1
2580,node2,3.57,1
2581,node2,3.57,1
2582,node2,3.57,1
2583,node2,3.57,1
2584,node2,3.57,1
2585,node2,3.57,1
2586,node2,3.57,1
2587,node2,3.57,1
2588,node2,3.57,1
2589,node2,3.57,1
2590,node2,11.36,1
2591,node2,25.38,0
2592,node2,16.03,1
2593,node2,16.68,1
2594,node2,16.68,1
2595,node2,16.68,1
2596,node2,16.68,1
2597,node2,18.31,1
2598,node2,16.03,1
2599,node2,16.03,1
2600,node2,16.05,1
2601,node2,16.05,1
2602,node2,16.05,1
2603,node2,17.02,1
2604,node2,17.02,1
2605,node2,17.02,1
2606,node2,17.02,1
2607,node2,17.02,1
2608,node2,16.05,1
2609,node2,19.58,1
2610,node2,10.01,1
2611,node2,12.36,1
2612,node2,11.36,1
2613,node2,56.47,0
2614,node2,12.36,1
2615,node2,16.05,1
2616,node2,44.35,0
2617,node2,17.34,1
2618,node2,13.04,1
2619,node2,51.36,0
2620,node2,12.36,1
2621,node2,13.69,1
2622,node2,12.36,1
2623,node2,12.36,1
2624,node2,12.36,1
2625,node2,12.36,1
2626,node2,14.02,1
2627,node2,11.36,1
2628,node2,16.03,1
2629,node2,16.03,1
2630,node2,12.02,1
2631,node2,12.7,1
2632,node2,13.69,1
2633,node2,18.61,1
2634,node2,37.83,0
2635,node2,36.91,0
2636,node2,49.95,0
2637,node2,56.75,0
2638,node2,4.2,1
2639,node2,5.15,1
2640,node2,22.47,0
2641,node2,22.47,0
2642,node2,4.2,1
2643,node2,5.15,1
2644,node2,5.15,1
2645,node2,5.15,1
2646,node2,10.35,1
2647,node2,10.35,1
2648,node2,24.53,0
2649,node2,4.2,1
2650,node2,22.47,0
2651,node2,4.2,1
2652,node2,4.2,1
2653,node2,4.2,1
2654,node2,4.2,1
2655,node2,5.15,1
2656,node2,22.46,0
2657,node2,5.15,1
2658,node2,5.15,1
2659,node2,3.88,1
2660,node2,357.14,0
2661,node2,23.63,0
2662,node2,5.15,1
2663,node2,22.76,0
2664,node2,5.15,1
2665,node2,5.47,1
2666,node2,17.02,1
2667,node2,5.15,1
2668,node2,37.83,0
2669,node2,17.0,1
2670,node2,22.76,0
2671,node2,21.84,0
2672,node2,23.05,0
2673,node2,17.0,1
2674,node2,22.76,0
2675,node2,21.84,0
2676,node2,29.72,0
2677,node2,4.83,1
2678,node2,22.76,0
2679,node2,17.02,1
2680,node2,3.57,1
2681,node2,4.52,1
2682,node2,10.35,1
2683,node2,10.01,1
2684,node2,9.01,1
2685,node2,20.55,0
2686,node2,22.76,0
2687,node2,22.76,0
2688,node2,22.76,0
2689,node2,19.26,1
2690,node2,22.47,0
2691,node2,16.37,1
2692,node2,9.01,1
2693,node2,29.5,0
2694,node2,25.4,0
2695,node2,17.0,1
2696,node2,15.37,1
2697,node2,17.0,1
2698,node2,6.1,1
2699,node2,3.57,1
2700,node2,44.34,0
2701,node2,39.46,0
2702,node2,23.05,0
2703,node2,56.75,0
2704,node2,24.23,0
2705,node2,44.13,0
2706,node2,24.82,0
2707,node2,21.5,0
2708,node2,22.76,0
2709,node2,40.63,0
2710,node2,45.95,0
2711,node2,35.46,0
2712,node2,37.15,0
2713,node2,36.21,0
2714,node2,36.69,0
2715,node2,36.69,0
2716,node2,39.22,0
2717,node2,37.15,0
2718,node2,29.97,0
2719,node2,39.47,0
2720,node2,43.33,0
2721,node2,48.18,0
2722,node2,44.35,0
2723,node2,40.15,0
2724,node2,56.47,0
2725,node2,29.51,0
2726,node2,21.84,0
2727,node2,10.69,1
2728,node2,5.47,1
2729,node2,5.47,1
2730,node2,5.47,1
2731,node2,2.6,1
2732,node2,2.92,1
2733,node2,5.15,1
2734,node2,5.47,1
2735,node2,5.47,1
2736,node2,5.47,1
2737,node2,8.01,1
2738,node2,9.01,1
2739,node2,5.47,1
2740,node2,5.47,1
2741,node2,5.47,1
2742,node2,5.47,1
2743,node2,5.47,1
2744,node2,5.47,1
2745,node2,5.47,1
2746,node2,3.88,1
2747,node2,5.47,1
2748,node2,39.69,0
2749,node2,17.65,1
2750,node2,6.43,1
2751,node2,2.92,1
2752,node2,6.41,1
2753,node2,5.47,1
2754,node2,17.02,1
2755,node2,5.47,1
2756,node2,4.2,1
2757,node2,4.2,1
2758,node2,4.2,1
2759,node2,5.47,1
2760,node2,4.52,1
2761,node2,4.2,1
2762,node2,4.2,1
2763,node2,4.2,1
2764,node2,4.2,1
2765,node2,5.47,1
2766,node2,4.2,1
2767,node2,4.2,1
2768,node2,4.2,1
2769,node2,4.2,1
2770,node2,17.02,1
2771,node2,5.47,1
2772,node2,4.2,1
2773,node2,22.15,0
2774,node2,4.2,1
2775,node2,5.47,1
2776,node2,6.73,1
2777,node2,6.73,1
2778,node2,6.73,1
2779,node2,26.84,0
2780,node2,6.73,1
2781,node2,5.47,1
2782,node2,6.73,1
2783,node2,7.05,1
2784,node2,6.73,1
2785,node2,30.24,0
2786,node2,6.75,1
2787,node2,6.73,1
2788,node2,6.73,1
2789,node2,6.73,1
2790,node2,6.41,1
2791,node2,51.83,0
2792,node2,49.79,0
2793,node2,29.72,0
2794,node2,24.23,0
2795,node2,23.05,0
2796,node2,23.07,0
2797,node2,25.09,0
2798,node2,49.95,0
2799,node2,50.12,0
2800,node2,23.07,0
2801,node2,23.07,0
2802,node2,38.78,0
2803,node2,2.92,1
2804,node2,3.89,1
2805,node2,2.62,1
2806,node2,5.47,1
2807,node2,2.6,1
2808,node2,3.89,1
2809,node2,3.88,1
2810,node2,43.33,0
2811,node2,37.84,0
2812,node2,3.57,1
2813,node2,3.57,1
2814,node2,3.57,1
2815,node2,3.25,1
2816,node2,3.57,1
2817,node2,2.6,1
2818,node2,2.62,1
2819,node2,3.25,1
2820,node2,2.6,1
2821,node2,4.2,1
2822,node2,3.88,1
2823,node2,3.89,1
2824,node2,4.83,1
2825,node2,4.2,1
2826,node2,3.57,1
2827,node2,4.52,1
2828,node2,3.89,1
2829,node2,2.6,1
2830,node2,3.88,1
2831,node2,3.88,1
2832,node2,3.88,1
2833,node2,4.83,1
2834,node2,4.2,1
2835,node2,3.88,1
2836,node2,5.15,1
2837,node2,4.2,1
2838,node2,4.2,1
2839,node2,4.2,1
2840,node2,5.78,1
2841,node2,7.05,1
2842,node2,4.83,1
2843,node2,3.89,1
2844,node2,3.88,1
2845,node2,3.25,1
2846,node2,6.73,1
2847,node2,5.47,1
2848,node2,6.43,1
2849,node2,9.01,1
2850,node2,6.1,1
2851,node2,6.1,1
2852,node2,7.05,1
2853,node2,7.05,1
2854,node2,6.43,1
2855,node2,4.83,1
2856,node2,9.35,1
2857,node2,7.38,1
2858,node2,8.69,1
2859,node2,6.1,1
2860,node2,8.69,1
2861,node2,5.47,1
2862,node2,13.36,1
2863,node2,11.68,1
2864,node2,9.01,1
2865,node2,16.37,1
2866,node2,11.02,1
2867,node2,12.7,1
2868,node2,8.33,1
2869,node2,8.33,1
2870,node2,11.02,1
2871,node2,10.68,1
2872,node2,8.69,1
2873,node2,9.69,1
2874,node2,9.35,1
2875,node2,9.35,1
2876,node2,5.47,1
2877,node2,7.7,1
2878,node2,6.73,1
2879,node2,3.89,1
2880,node2,5.47,1
2881,node2,4.51,1
2882,node2,9.01,1
2883,node2,17.02,1
2884,node2,4.83,1
2885,node2,7.05,1
2886,node2,7.38,1
2887,node2,8.69,1
2888,node2,6.1,1
2889,node2,8.67,1
2890,node2,5.47,1
2891,node2,23.63,0
2892,node2,40.15,0
2893,node2,9.67,1
2894,node2,7.38,1
2895,node2,8.67,1
2896,node2,9.01,1
2897,node2,10.01,1
2898,node2,8.69,1
2899,node2,8.69,1
2900,node2,10.01,1
2901,node2,9.01,1
2902,node2,8.33,1
2903,node2,9.35,1
2904,node2,10.01,1
2905,node2,9.35,1
2906,node2,17.02,1
2907,node2,9.67,1
2908,node2,8.33,1
2909,node2,9.01,1
2910,node2,9.35,1
2911,node2,8.33,1
2912,node2,7.7,1
2913,node2,10.35,1
2914,node2,11.36,1
2915,node2,9.35,1
2916,node2,9.01,1
2917,node2,7.38,1
2918,node2,17.65,1
2919,node2,7.38,1
2920,node2,5.78,1
2921,node2,5.8,1
2922,node2,6.1,1
2923,node2,6.43,1
2924,node2,5.15,1
2925,node2,6.1,1
2926,node2,7.38,1
2927,node2,9.01,1
2928,node2,6.73,1
2929,node2,6.1,1
2930,node2,5.8,1
2931,node2,7.05,1
2932,node2,5.78,1
2933,node2,7.38,1
2934,node2,6.1,1
2935,node2,6.1,1
2936,node2,7.05,1
2937,node2,6.73,1
2938,node2,6.73,1
2939,node2,18.29,1
2940,node2,58.02,0
2941,node2,38.52,0
2942,node2,58.04,0
2943,node2,16.05,1
2944,node2,15.37,1
2945,node2,9.69,1
2946,node2,7.68,1
2947,node2,8.01,1
2948,node2,7.05,1
2949,node2,16.03,1
2950,node2,7.05,1
2951,node2,8.01,1
2952,node2,9.35,1
2953,node2,7.05,1
2954,node2,7.05,1
2955,node2,6.73,1
2956,node2,6.1,1
2957,node2,6.43,1
2958,node2,16.68,1
2959,node2,6.73,1
2960,node2,8.01,1
2961,node2,7.05,1
2962,node2,7.05,1
2963,node2,7.7,1
2964,node2,8.69,1
2965,node2,5.8,1
2966,node2,16.03,1
2967,node2,4.83,1
2968,node2,3.89,1
2969,node2,291.24,0
2970,node2,12.7,1
2971,node2,10.69,1
2972,node2,10.69,1
2973,node2,8.67,1
2974,node2,10.01,1
2975,node2,8.33,1
2976,node2,10.69,1
2977,node2,16.35,1
2978,node2,16.05,1
2979,node2,17.0,1
2980,node2,16.68,1
2981,node2,8.69,1
2982,node2,9.01,1
2983,node2,16.03,1
2984,node2,16.05,1
2985,node2,5.47,1
2986,node2,223.06,0
2987,node2,5.8,1
2988,node2,5.15,1
2989,node2,4.83,1
2990,node2,5.47,1
2991,node2,25.4,0
2992,node2,24.53,0
2993,node2,6.1,1
2994,node2,18.61,1
2995,node2,18.94,1
2996,node2,18.29,1
2997,node2,16.03,1
2998,node2,18.29,1
2999,node2,18.94,1
3000,node2,17.0,1
3001,node3,278.66,0
3002,node3,279.09,0
3003,node3,278.65,0
3004,node3,279.92,0
3005,node3,279.48,0
3006,node3,278.6,0
3007,node3,279.5,0
3008,node3,17.1,1
3009,node3,17.1,1
3010,node3,16.15,1
3011,node3,17.42,1
3012,node3,279.05,0
3013,node3,29.04,1
3014,node3,26.84,1
3015,node3,36.96,1
3016,node3,33.2,1
3017,node3,30.6,1
3018,node3,25.06,1
3019,node3,20.11,1
3020,node3,24.82,1
3021,node3,21.39,1
3022,node3,25.79,1
3023,node3,28.97,1
3024,node3,28.83,1
3025,node3,36.06,1
3026,node3,34.71,1
3027,node3,28.34,1
3028,node3,40.19,1
3029,node3,24.29,1
3030,node3,27.81,1
3031,node3,30.34,1
3032,node3,33.52,1
3033,node3,27.4,1
3034,node3,18.04,1
3035,node3,33.46,1
3036,node3,19.98,1
3037,node3,31.57,1
3038,node3,25.82,1
3039,node3,15.5,1
3040,node3,28.14,1
3041,node3,32.91,1
3042,node3,23.49,1
3043,node3,22.1,1
3044,node3,22.07,1
3045,node3,46.19,1
3046,node3,49.23,1
3047,node3,36.58,1
3048,node3,33.0,1
3049,node3,33.01,1
3050,node3,31.87,1
3051,node3,55.23,1
3052,node3,15.15,1
3053,node3,6.39,0
3054,node3,19.3,1
3055,node3,38.95,1
3056,node3,47.7,1
3057,node3,42.24,1
3058,node3,52.63,1
3059,node3,52.99,1
3060,node3,54.03,1
3061,node3,53.7,1
3062,node3,54.79,1
3063,node3,52.21,1
3064,node3,50.71,1
3065,node3,45.37,1
3066,node3,5.42,0
3067,node3,8.99,0
3068,node3,9.72,0
3069,node3,47.94,1
3070,node3,51.71,1
3071,node3,46.92,1
3072,node3,45.32,1
3073,node3,46.14,1
3074,node3,46.7,1
3075,node3,50.93,1
3076,node3,47.72,1
3077,node3,45.65,1
3078,node3,38.98,1
3079,node3,43.16,1
3080,node3,5.18,0
3081,node3,16.46,1
3082,node3,69.48,1
3083,node3,52.53,1
3084,node3,29.41,1
3085,node3,16.42,1
3086,node3,22.41,1
3087,node3,49.67,1
3088,node3,72.83,1
3089,node3,45.88,1
3090,node3,7.8,0
3091,node3,16.61,1
3092,node3,23.61,1
3093,node3,35.19,1
3094,node3,58.8,1
3095,node3,88.64,0
3096,node3,47.92,1
3097,node3,57.85,1
3098,node3,69.7,1
3099,node3,63.21,1
3100,node3,63.17,1
3101,node3,67.59,1
3102,node3,69.73,1
3103,node3,63.04,1
3104,node3,64.36,1
3105,node3,64.04,1
3106,node3,65.54,1
3107,node3,68.7,1
3108,node3,75.77,0
3109,node3,60.55,1
3110,node3,64.35,1
3111,node3,69.53,1
3112,node3,65.98,1
3113,node3,66.95,1
3114,node3,65.3,1
3115,node3,61.68,1
3116,node3,67.4,1
3117,node3,66.27,1
3118,node3,56.3,1
3119,node3,57.87,1
3120,node3,58.43,1
3121,node3,57.92,1
3122,node3,74.46,1
3123,node3,72.05,1
3124,node3,65.99,1
3125,node3,66.95,1
3126,node3,67.0,1
3127,node3,54.59,1
3128,node3,58.8,1
3129,node3,60.89,1
3130,node3,57.05,1
3131,node3,69.79,1
3132,node3,62.73,1
3133,node3,65.87,1
3134,node3,66.42,1
3135,node3,64.04,1
3136,node3,68.15,1
3137,node3,57.7,1
3138,node3,70.97,1
3139,node3,64.97,1
3140,node3,67.32,1
3141,node3,69.84,1
3142,node3,72.91,1
3143,node3,70.41,1
3144,node3,61.2,1
3145,node3,67.63,1
3146,node3,80.51,0
3147,node3,74.82,1
3148,node3,74.94,1
3149,node3,75.5,0
3150,node3,74.46,1
3151,node3,73.32,1
3152,node3,71.33,1
3153,node3,71.45,1
3154,node3,72.18,1
3155,node3,72.1,1
3156,node3,59.57,1
3157,node3,57.12,1
3158,node3,57.46,1
3159,node3,70.48,1
3160,node3,48.26,1
3161,node3,54.5,1
3162,node3,49.71,1
3163,node3,51.08,1
3164,node3,53.07,1
3165,node3,53.06,1
3166,node3,52.89,1
3167,node3,53.86,1
3168,node3,52.96,1
3169,node3,54.77,1
3170,node3,51.9,1
3171,node3,52.96,1
3172,node3,51.83,1
3173,node3,48.16,1
3174,node3,53.7,1
3175,node3,50.73,1
3176,node3,52.62,1
3177,node3,53.99,1
3178,node3,51.75,1
3179,node3,51.08,1
3180,node3,52.19,1
3181,node3,51.95,1
3182,node3,50.52,1
3183,node3,47.4,1
3184,node3,32.86,1
3185,node3,48.79,1
3186,node3,46.77,1
3187,node3,40.19,1
3188,node3,43.1,1
3189,node3,34.05,1
3190,node3,257.62,0
3191,node3,257.48,0
3192,node3,250.02,0
3193,node3,256.63,0
3194,node3,258.94,0
3195,node3,252.5,0
3196,node3,261.49,0
3197,node3,252.37,0
3198,node3,28.02,1
3199,node3,30.96,1
3200,node3,263.38,0
3201,node3,260.83,0
3202,node3,256.12,0
3203,node3,257.65,0
3204,node3,258.28,0
3205,node3,259.42,0
3206,node3,26.04,1
3207,node3,13.87,0
3208,node3,54.94,1
3209,node3,40.99,1
3210,node3,34.34,1
3211,node3,29.34,1
3212,node3,30.14,1
3213,node3,22.51,1
3214,node3,28.08,1
3215,node3,32.37,1
3216,node3,17.0,1
3217,node3,35.7,1
3218,node3,29.85,1
3219,node3,276.74,0
3220,node3,26.98,1
3221,node3,22.86,1
3222,node3,30.07,1
3223,node3,17.97,1
3224,node3,269.11,0
3225,node3,266.98,0
3226,node3,262.89,0
3227,node3,264.69,0
3228,node3,264.88,0
3229,node3,23.8,1
3230,node3,25.11,1
3231,node3,264.21,0
3232,node3,263.55,0
3233,node3,266.41,0
3234,node3,40.39,1
3235,node3,45.12,1
3236,node3,44.52,1
3237,node3,35.31,1
3238,node3,48.91,1
3239,node3,39.05,1
3240,node3,45.02,1
3241,node3,44.95,1
3242,node3,50.83,1
3243,node3,37.69,1
3244,node3,38.86,1
3245,node3,36.18,1
3246,node3,40.85,1
3247,node3,37.81,1
3248,node3,42.11,1
3249,node3,39.37,1
3250,node3,42.35,1
3251,node3,39.88,1
3252,node3,42.69,1
3253,node3,47.23,1
3254,node3,33.4,1
3255,node3,44.74,1
3256,node3,46.17,1
3257,node3,44.34,1
3258,node3,43.6,1
3259,node3,45.59,1
3260,node3,42.6,1
3261,node3,41.87,1
3262,node3,50.29,1
3263,node3,53.16,1
3264,node3,50.46,1
3265,node3,45.9,1
3266,node3,45.71,1
3267,node3,38.23,1
3268,node3,40.07,1
3269,node3,47.6,1
3270,node3,44.63,1
3271,node3,42.6,1
3272,node3,44.57,1
3273,node3,43.13,1
3274,node3,42.67,1
3275,node3,39.98,1
3276,node3,46.07,1
3277,node3,45.59,1
3278,node3,41.92,1
3279,node3,46.56,1
3280,node3,41.56,1
3281,node3,44.2,1
3282,node3,16.1,1
3283,node3,22.07,1
3284,node3,44.97,1
3285,node3,46.65,1
3286,node3,48.19,1
3287,node3,48.62,1
3288,node3,41.74,1
3289,node3,45.51,1
3290,node3,42.96,1
3291,node3,44.64,1
3292,node3,45.51,1
3293,node3,44.9,1
3294,node3,45.34,1
3295,node3,42.24,1
3296,node3,42.11,1
3297,node3,45.76,1
3298,node3,43.2,1
3299,node3,41.75,1
3300,node3,38.15,1
3301,node3,40.22,1
3302,node3,39.71,1
3303,node3,53.6,1
3304,node3,43.88,1
3305,node3,37.76,1
3306,node3,42.06,1
3307,node3,41.33,1
3308,node3,43.16,1
3309,node3,44.57,1
3310,node3,44.05,1
3311,node3,48.09,1
3312,node3,52.48,1
3313,node3,46.61,1
3314,node3,46.67,1
3315,node3,40.56,1
3316,node3,41.8,1
3317,node3,48.04,1
3318,node3,43.71,1
3319,node3,49.57,1
3320,node3,52.48,1
3321,node3,49.69,1
3322,node3,47.17,1
3323,node3,54.11,1
3324,node3,48.11,1
3325,node3,47.43,1
3326,node3,47.58,1
3327,node3,50.0,1
3328,node3,52.07,1
3329,node3,44.85,1
3330,node3,50.63,1
3331,node3,47.21,1
3332,node3,30.85,1
3333,node3,34.78,1
3334,node3,34.9,1
3335,node3,64.57,1
3336,node3,63.27,1
3337,node3,64.72,1
3338,node3,60.98,1
3339,node3,57.03,1
3340,node3,60.67,1
3341,node3,53.7,1
3342,node3,57.51,1
3343,node3,59.53,1
3344,node3,69.9,1
3345,node3,59.69,1
3346,node3,58.79,1
3347,node3,59.01,1
3348,node3,60.23,1
3349,node3,61.52,1
3350,node3,61.05,1
3351,node3,57.51,1
3352,node3,45.27,1
3353,node3,37.15,1
3354,node3,38.23,1
3355,node3,32.81,1
3356,node3,35.29,1
3357,node3,41.9,1
3358,node3,34.61,1
3359,node3,48.57,1
3360,node3,50.1,1
3361,node3,33.68,1
3362,node3,50.05,1
3363,node3,54.03,1
3364,node3,61.76,1
3365,node3,54.38,1
3366,node3,62.92,1
3367,node3,56.03,1
3368,node3,51.8,1
3369,node3,50.13,1
3370,node3,48.57,1
3371,node3,45.88,1
3372,node3,39.76,1
3373,node3,33.34,1
3374,node3,70.43,1
3375,node3,67.32,1
3376,node3,60.37,1
3377,node3,37.28,1
3378,node3,37.86,1
3379,node3,34.0,1
3380,node3,38.56,1
3381,node3,51.58,1
3382,node3,61.97,1
3383,node3,37.96,1
3384,node3,35.6,1
3385,node3,20.28,1
3386,node3,67.98,1
3387,node3,48.79,1
3388,node3,77.55,0
3389,node3,47.31,1
3390,node3,45.76,1
3391,node3,51.37,1
3392,node3,59.99,1
3393,node3,56.19,1
3394,node3,53.29,1
3395,node3,55.54,1
3396,node3,58.31,1
3397,node3,2.94,0
3398,node3,53.86,1
3399,node3,47.38,1
3400,node3,46.72,1
3401,node3,51.07,1
3402,node3,47.67,1
3403,node3,43.11,1
3404,node3,43.62,1
3405,node3,40.97,1
3406,node3,39.42,1
3407,node3,38.32,1
3408,node3,41.65,1
3409,node3,38.47,1
3410,node3,44.03,1
3411,node3,43.52,1
3412,node3,44.85,1
3413,node3,49.57,1
3414,node3,72.4,1
3415,node3,66.16,1
3416,node3,70.62,1
3417,node3,49.08,1
3418,node3,54.94,1
3419,node3,61.71,1
3420,node3,51.32,1
3421,node3,41.62,1
3422,node3,39.22,1
3423,node3,68.0,1
3424,node3,39.24,1
3425,node3,44.06,1
3426,node3,64.67,1
3427,node3,62.19,1
3428,node3,56.63,1
3429,node3,31.82,1
3430,node3,34.49,1
3431,node3,42.86,1
3432,node3,45.08,1
3433,node3,51.36,1
3434,node3,52.04,1
3435,node3,53.77,1
3436,node3,52.51,1
3437,node3,53.58,1
3438,node3,66.44,1
3439,node3,63.15,1
3440,node3,55.71,1
3441,node3,56.05,1
3442,node3,59.42,1
3443,node3,64.55,1
3444,node3,40.51,1
3445,node3,40.8,1
3446,node3,43.04,1
3447,node3,6.89,0
3448,node3,9.15,0
3449,node3,11.76,0
3450,node3,7.67,0
3451,node3,6.68,0
3452,node3,6.61,0
3453,node3,9.38,0
3454,node3,7.58,0
3455,node3,38.18,1
3456,node3,8.64,0
3457,node3,10.52,0
3458,node3,11.17,0
3459,node3,8.94,0
3460,node3,10.54,0
3461,node3,9.67,0
3462,node3,8.21,0
3463,node3,278.2,0
3464,node3,270.03,0
3465,node3,279.45,0
3466,node3,276.59,0
3467,node3,277.39,0
3468,node3,270.67,0
3469,node3,24.38,1
3470,node3,272.2,0
3471,node3,20.4,1
3472,node3,6.75,0
3473,node3,9.23,0
3474,node3,38.57,1
3475,node3,5.05,0
3476,node3,283.08,0
3477,node3,63.41,1
3478,node3,33.8,1
3479,node3,33.0,1
3480,node3,48.47,1
3481,node3,45.97,1
3482,node3,20.06,1
3483,node3,16.01,1
3484,node3,35.82,1
3485,node3,33.2,1
3486,node3,33.03,1
3487,node3,29.55,1
3488,node3,36.01,1
3489,node3,25.21,1
3490,node3,23.83,1
3491,node3,24.89,1
3492,node3,25.13,1
3493,node3,25.47,1
3494,node3,24.74,1
3495,node3,25.04,1
3496,node3,28.97,1
3497,node3,50.54,1
3498,node3,16.49,1
3499,node3,11.12,0
3500,node3,20.88,1
3501,node3,25.94,1
3502,node3,18.85,1
3503,node3,20.79,1
3504,node3,19.69,1
3505,node3,19.26,1
3506,node3,18.77,1
3507,node3,15.71,1
3508,node3,17.83,1
3509,node3,19.87,1
3510,node3,18.87,1
3511,node3,18.94,1
3512,node3,17.75,1
3513,node3,18.44,1
3514,node3,19.36,1
3515,node3,18.99,1
3516,node3,13.55,0
3517,node3,9.71,0
3518,node3,3.89,0
3519,node3,9.86,0
3520,node3,2.84,0
3521,node3,10.85,0
3522,node3,8.69,0
3523,node3,10.74,0
3524,node3,15.73,1
3525,node3,18.41,1
3526,node3,13.18,0
3527,node3,2.75,0
3528,node3,16.63,1
3529,node3,16.46,1
3530,node3,34.97,1
3531,node3,12.61,0
3532,node3,6.66,0
3533,node3,12.85,0
3534,node3,10.85,0
3535,node3,13.96,0
3536,node3,10.08,0
3537,node3,9.98,0
3538,node3,10.49,0
3539,node3,12.24,0
3540,node3,16.93,1
3541,node3,19.12,1
3542,node3,19.16,1
3543,node3,19.92,1
3544,node3,17.7,1
3545,node3,20.04,1
3546,node3,17.59,1
3547,node3,18.44,1
3548,node3,20.37,1
3549,node3,22.13,1
3550,node3,21.37,1
3551,node3,20.54,1
3552,node3,19.94,1
3553,node3,21.2,1
3554,node3,19.7,1
3555,node3,21.17,1
3556,node3,18.6,1
3557,node3,20.84,1
3558,node3,20.96,1
3559,node3,12.89,0
3560,node3,9.21,0
3561,node3,11.65,0
3562,node3,10.05,0
3563,node3,11.25,0
3564,node3,2.86,0
3565,node3,4.57,0
3566,node3,4.56,0
3567,node3,5.24,0
3568,node3,8.02,0
3569,node3,6.39,0
3570,node3,5.42,0
3571,node3,14.45,0
3572,node3,44.51,1
3573,node3,15.1,1
3574,node3,15.22,1
3575,node3,14.84,0
3576,node3,15.56,1
3577,node3,15.3,1
3578,node3,16.0,1
3579,node3,17.37,1
3580,node3,14.55,0
3581,node3,25.13,1
3582,node3,24.6,1
3583,node3,25.35,1
3584,node3,25.48,1
3585,node3,24.43,1
3586,node3,25.45,1
3587,node3,25.02,1
3588,node3,25.01,1
3589,node3,23.58,1
3590,node3,12.12,0
3591,node3,12.0,0
3592,node3,33.0,1
3593,node3,28.68,1
3594,node3,14.38,0
3595,node3,13.65,0
3596,node3,23.65,1
3597,node3,29.38,1
3598,node3,11.56,0
3599,node3,8.86,0
3600,node3,3.96,0
3601,node3,9.5,0
3602,node3,2.26,0
3603,node3,13.94,0
3604,node3,2.96,0
3605,node3,39.93,1
3606,node3,16.59,1
3607,node3,18.65,1
3608,node3,5.36,0
3609,node3,2.7,0
3610,node3,2.46,0
3611,node3,29.12,1
3612,node3,18.34,1
3613,node3,18.53,1
3614,node3,20.15,1
3615,node3,16.66,1
3616,node3,19.72,1
3617,node3,15.62,1
3618,node3,209.0,0
3619,node3,19.43,1
3620,node3,75.0,1
3621,node3,25.07,1
3622,node3,44.38,1
3623,node3,47.61,1
3624,node3,24.14,1
3625,node3,71.17,1
3626,node3,13.44,0
3627,node3,36.44,1
3628,node3,35.68,1
3629,node3,35.51,1
3630,node3,61.12,1
3631,node3,17.34,1
3632,node3,61.76,1
3633,node3,35.29,1
3634,node3,68.76,1
3635,node3,44.48,1
3636,node3,57.44,1
3637,node3,4.26,0
3638,node3,11.64,0
3639,node3,27.34,1
3640,node3,51.76,1
3641,node3,54.78,1
3642,node3,28.27,1
3643,node3,26.25,1
3644,node3,39.81,1
3645,node3,55.46,1
3646,node3,58.82,1
3647,node3,49.51,1
3648,node3,63.53,1
3649,node3,54.45,1
3650,node3,40.29,1
3651,node3,58.36,1
3652,node3,110.58,0
3653,node3,27.9,1
3654,node3,40.75,1
3655,node3,32.02,1
3656,node3,71.09,1
3657,node3,35.41,1
3658,node3,36.44,1
3659,node3,59.18,1
3660,node3,45.24,1
3661,node3,15.0,1
3662,node3,55.26,1
3663,node3,38.54,1
3664,node3,37.52,1
3665,node3,48.82,1
3666,node3,56.08,1
3667,node3,52.91,1
3668,node3,49.34,1
3669,node3,51.98,1
3670,node3,11.23,0
3671,node3,50.79,1
3672,node3,39.93,1
3673,node3,71.76,1
3674,node3,48.86,1
3675,node3,25.26,1
3676,node3,46.79,1
3677,node3,17.21,1
3678,node3,162.44,0
3679,node3,43.17,1
3680,node3,54.74,1
3681,node3,43.86,1
3682,node3,42.64,1
3683,node3,2.49,0
3684,node3,31.69,1
3685,node3,67.94,1
3686,node3,64.8,1
3687,node3,26.54,1
3688,node3,22.47,1
3689,node3,280.46,0
3690,node3,21.47,1
3691,node3,5.71,0
3692,node3,70.54,1
3693,node3,43.13,1
3694,node3,43.2,1
3695,node3,40.73,1
3696,node3,57.32,1
3697,node3,42.47,1
3698,node3,59.69,1
3699,node3,35.17,1
3700,node3,31.47,1
3701,node3,257.98,0
3702,node3,63.39,1
3703,node3,270.39,0
3704,node3,47.1,1
3705,node3,66.54,1
3706,node3,33.2,1
3707,node3,29.37,1
3708,node3,17.32,1
3709,node3,40.86,1
3710,node3,45.13,1
3711,node3,27.34,1
3712,node3,40.14,1
3713,node3,79.7,0
3714,node3,42.2,1
3715,node3,256.85,0
3716,node3,135.46,0
3717,node3,41.46,1
3718,node3,8.12,0
3719,node3,7.58,0
3720,node3,52.44,1
3721,node3,48.95,1
3722,node3,63.98,1
3723,node3,49.73,1
3724,node3,21.45,1
3725,node3,45.71,1
3726,node3,58.34,1
3727,node3,34.88,1
3728,node3,36.42,1
3729,node3,20.67,1
3730,node3,8.49,0
3731,node3,271.56,0
3732,node3,44.12,1
3733,node3,89.53,0
3734,node3,35.74,1
3735,node3,42.5,1
3736,node3,24.05,1
3737,node3,52.51,1
3738,node3,47.1,1
3739,node3,40.14,1
3740,node3,9.44,0
3741,node3,60.77,1
3742,node3,15.0,1
3743,node3,62.94,1
3744,node3,75.0,1
3745,node3,20.16,1
3746,node3,53.51,1
3747,node3,54.6,1
3748,node3,29.33,1
3749,node3,40.93,1
3750,node3,39.64,1
3751,node3,64.15,1
3752,node3,32.81,1
3753,node3,40.58,1
3754,node3,5.72,0
3755,node3,26.61,1
3756,node3,47.54,1
3757,node3,25.11,1
3758,node3,50.79,1
3759,node3,84.71,0
3760,node3,37.15,1
3761,node3,49.59,1
3762,node3,10.3,0
3763,node3,27.7,1
3764,node3,29.03,1
3765,node3,55.25,1
3766,node3,18.52,1
3767,node3,7.44,0
3768,node3,67.45,1
3769,node3,40.23,1
3770,node3,13.47,0
3771,node3,62.82,1
3772,node3,202.98,0
3773,node3,71.57,1
3774,node3,44.67,1
3775,node3,46.85,1
3776,node3,13.43,0
3777,node3,61.72,1
3778,node3,51.57,1
3779,node3,48.49,1
3780,node3,18.72,1
3781,node3,10.72,0
3782,node3,56.26,1
3783,node3,44.53,1
3784,node3,27.84,1
3785,node3,38.51,1
3786,node3,35.98,1
3787,node3,22.96,1
3788,node3,43.4,1
3789,node3,28.65,1
3790,node3,43.12,1
3791,node3,10.61,0
3792,node3,31.98,1
3793,node3,57.83,1
3794,node3,9.54,0
3795,node3,30.71,1
3796,node3,26.0,1
3797,node3,48.94,1
3798,node3,37.86,1
3799,node3,41.84,1
3800,node3,58.22,1
3801,node3,25.67,1
3802,node3,54.2,1
3803,node3,164.55,0
3804,node3,34.59,1
3805,node3,53.82,1
3806,node3,49.37,1
3807,node3,241.35,0
3808,node3,49.06,1
3809,node3,34.41,1
3810,node3,61.82,1
3811,node3,28.5,1
3812,node3,35.42,1
3813,node3,23.89,1
3814,node3,41.77,1
3815,node3,148.6,0
3816,node3,46.42,1
3817,node3,25.58,1
3818,node3,15.0,1
3819,node3,29.34,1
3820,node3,53.2,1
3821,node3,182.13,0
3822,node3,48.37,1
3823,node3,46.42,1
3824,node3,61.74,1
3825,node3,28.89,1
3826,node3,24.09,1
3827,node3,29.69,1
3828,node3,15.0,1
3829,node3,25.26,1
3830,node3,62.44,1
3831,node3,6.51,0
3832,node3,23.29,1
3833,node3,44.61,1
3834,node3,49.86,1
3835,node3,44.42,1
3836,node3,20.07,1
3837,node3,228.68,0
3838,node3,64.05,1
3839,node3,26.12,1
3840,node3,21.42,1
3841,node3,40.4,1
3842,node3,54.34,1
3843,node3,59.26,1
3844,node3,49.38,1
3845,node3,51.12,1
3846,node3,51.18,1
3847,node3,40.17,1
3848,node3,13.57,0
3849,node3,187.67,0
3850,node3,43.92,1
3851,node3,67.39,1
3852,node3,34.85,1
3853,node3,43.25,1
3854,node3,50.98,1
3855,node3,38.43,1
3856,node3,15.0,1
3857,node3,53.93,1
3858,node3,19.74,1
3859,node3,53.98,1
3860,node3,31.38,1
3861,node3,48.96,1
3862,node3,51.49,1
3863,node3,53.58,1
3864,node3,60.72,1
3865,node3,69.18,1
3866,node3,49.49,1
3867,node3,34.84,1
3868,node3,32.9,1
3869,node3,55.03,1
3870,node3,67.84,1
3871,node3,47.78,1
3872,node3,47.78,1
3873,node3,49.75,1
3874,node3,16.65,1
3875,node3,19.09,1
3876,node3,55.07,1
3877,node3,13.88,0
3878,node3,51.69,1
3879,node3,22.97,1
3880,node3,26.94,1
3881,node3,23.43,1
3882,node3,62.01,1
3883,node3,16.26,1
3884,node3,30.3,1
3885,node3,66.96,1
3886,node3,20.25,1
3887,node3,94.51,0
3888,node3,46.38,1
3889,node3,40.47,1
3890,node3,63.44,1
3891,node3,20.65,1
3892,node3,37.23,1
3893,node3,40.66,1
3894,node3,49.89,1
3895,node3,175.33,0
3896,node3,25.45,1
3897,node3,59.52,1
3898,node3,100.96,0
3899,node3,21.07,1
3900,node3,19.59,1
3901,node3,9.46,0
3902,node3,46.08,1
3903,node3,22.36,1
3904,node3,53.25,1
3905,node3,50.79,1
3906,node3,29.64,1
3907,node3,48.48,1
3908,node3,75.0,1
3909,node3,15.75,1
3910,node3,17.04,1
3911,node3,41.71,1
3912,node3,30.37,1
3913,node3,64.86,1
3914,node3,43.92,1
3915,node3,49.09,1
3916,node3,39.15,1
3917,node3,48.82,1
3918,node3,48.59,1
3919,node3,16.39,1
3920,node3,49.59,1
3921,node3,55.66,1
3922,node3,43.06,1
3923,node3,47.91,1
3924,node3,141.27,0
3925,node3,2.42,0
3926,node3,62.99,1
3927,node3,2.59,0
3928,node3,28.82,1
3929,node3,37.86,1
3930,node3,46.07,1
3931,node3,6.18,0
3932,node3,38.38,1
3933,node3,52.04,1
3934,node3,29.57,1
3935,node3,33.1,1
3936,node3,48.55,1
3937,node3,25.11,1
3938,node3,185.49,0
3939,node3,48.86,1
3940,node3,65.52,1
3941,node3,9.08,0
3942,node3,58.61,1
3943,node3,33.69,1
3944,node3,40.53,1
3945,node3,125.43,0
3946,node3,44.98,1
3947,node3,46.4,1
3948,node3,234.81,0
3949,node3,56.9,1
3950,node3,45.34,1
3951,node3,4.19,0
3952,node3,27.25,1
3953,node3,21.71,1
3954,node3,199.43,0
3955,node3,26.56,1
3956,node3,65.36,1
3957,node3,31.43,1
3958,node3,53.5,1
3959,node3,32.3,1
3960,node3,54.63,1
3961,node3,3.33,0
3962,node3,19.12,1
3963,node3,57.23,1
3964,node3,47.04,1
3965,node3,46.9,1
3966,node3,50.3,1
3967,node3,47.56,1
3968,node3,8.2,0
3969,node3,39.74,1
3970,node3,45.72,1
3971,node3,47.55,1
3972,node3,38.15,1
3973,node3,49.09,1
3974,node3,66.18,1
3975,node3,29.76,1
3976,node3,47.7,1
3977,node3,15.08,1
3978,node3,74.18,1
3979,node3,43.48,1
3980,node3,220.13,0
3981,node3,137.34,0
3982,node3,45.04,1
3983,node3,27.52,1
3984,node3,34.26,1
3985,node3,38.15,1
3986,node3,60.33,1
3987,node3,47.65,1
3988,node3,33.09,1
3989,node3,26.1,1
3990,node3,49.89,1
3991,node3,51.88,1
3992,node3,41.58,1
3993,node3,57.46,1
3994,node3,27.54,1
3995,node3,24.72,1
3996,node3,15.0,1
3997,node3,10.82,0
3998,node3,42.52,1
3999,node3,20.95,1
4000,node3,226.03,0
4001,node3,53.58,1
4002,node3,47.78,1
4003,node3,48.73,1
4004,node3,20.97,1
4005,node3,59.4,1
4006,node3,47.89,1
4007,node3,21.18,1
4008,node3,250.82,0
4009,node3,123.96,0
4010,node3,26.77,1
4011,node3,45.26,1
4012,node3,48.71,1
4013,node3,42.02,1
4014,node3,26.21,1
4015,node3,28.96,1
4016,node3,45.13,1
4017,node3,44.69,1
4018,node3,75.0,1
4019,node3,68.7,1
4020,node3,31.04,1
4021,node3,47.8,1
4022,node3,40.42,1
4023,node3,53.14,1
4024,node3,30.8,1
4025,node3,40.53,1
4026,node3,41.79,1
4027,node3,4.77,0
4028,node3,42.27,1
4029,node3,30.77,1
4030,node3,172.75,0
4031,node3,42.79,1
4032,node3,49.0,1
4033,node3,42.49,1
4034,node3,53.8,1
4035,node3,54.85,1
4036,node3,58.63,1
4037,node3,50.86,1
4038,node3,142.05,0
4039,node3,63.14,1
4040,node3,45.21,1
4041,node3,26.38,1
4042,node3,66.85,1
4043,node3,40.82,1
4044,node3,64.52,1
4045,node3,53.5,1
4046,node3,70.61,1
4047,node3,13.8,0
4048,node3,31.58,1
4049,node3,52.01,1
4050,node3,15.0,1
4051,node3,10.23,0
4052,node3,64.67,1
4053,node3,44.88,1
4054,node3,39.2,1
4055,node3,38.95,1
4056,node3,24.12,1
4057,node3,37.4,1
4058,node3,48.23,1
4059,node3,29.36,1
4060,node3,56.14,1
4061,node3,69.46,1
4062,node3,61.86,1
4063,node3,52.3,1
4064,node3,155.56,0
4065,node3,55.98,1
4066,node3,25.33,1
4067,node3,15.0,1
4068,node3,21.01,1
4069,node3,31.04,1
4070,node3,28.78,1
4071,node3,57.26,1
4072,node3,48.4,1
4073,node3,32.4,1
4074,node3,25.91,1
4075,node3,48.79,1
4076,node3,41.29,1
4077,node3,12.24,0
4078,node3,44.59,1
4079,node3,56.91,1
4080,node3,20.15,1
4081,node3,54.71,1
4082,node3,55.43,1
4083,node3,49.21,1
4084,node3,41.43,1
4085,node3,201.8,0
4086,node3,53.33,1
4087,node3,37.1,1
4088,node3,32.3,1
4089,node3,54.67,1
4090,node3,69.94,1
4091,node3,53.6,1
4092,node3,50.97,1
4093,node3,20.87,1
4094,node3,39.88,1
4095,node3,18.29,1
4096,node3,50.7,1
4097,node3,10.68,0
4098,node3,64.77,1
4099,node3,51.15,1
4100,node3,45.29,1
4101,node3,22.77,1
4102,node3,37.02,1
4103,node3,72.63,1
4104,node3,19.75,1
4105,node3,31.1,1
4106,node3,64.66,1
4107,node3,37.65,1
4108,node3,257.06,0
4109,node3,51.34,1
4110,node3,65.44,1
4111,node3,45.79,1
4112,node3,58.23,1
4113,node3,38.46,1
4114,node3,15.0,1
4115,node3,40.43,1
4116,node3,57.67,1
4117,node3,64.42,1
4118,node3,33.8,1
4119,node3,23.4,1
4120,node3,141.98,0
4121,node3,41.28,1
4122,node3,2.94,0
4123,node3,57.85,1
4124,node3,50.01,1
4125,node3,22.45,1
4126,node3,4.31,0
4127,node3,64.52,1
4128,node3,149.41,0
4129,node3,11.99,0
4130,node3,25.47,1
4131,node3,71.96,1
4132,node3,205.89,0
4133,node3,41.16,1
4134,node3,30.94,1
4135,node3,163.22,0
4136,node3,61.73,1
4137,node3,40.37,1
4138,node3,7.23,0
4139,node3,42.29,1
4140,node3,64.23,1
4141,node3,159.2,0
4142,node3,41.58,1
4143,node3,49.46,1
4144,node3,29.18,1
4145,node3,45.12,1
4146,node3,64.13,1
4147,node3,61.85,1
4148,node3,30.8,1
4149,node3,35.56,1
4150,node3,44.32,1
4151,node3,52.71,1
4152,node3,47.2,1
4153,node3,5.08,0
4154,node3,27.81,1
4155,node3,80.4,0
4156,node3,26.65,1
4157,node3,75.0,1
4158,node3,50.24,1
4159,node3,27.47,1
4160,node3,49.77,1
4161,node3,15.37,1
4162,node3,69.28,1
4163,node3,50.21,1
4164,node3,5.07,0
4165,node3,47.38,1
4166,node3,35.6,1
4167,node3,37.47,1
4168,node3,256.11,0
4169,node3,247.59,0
4170,node3,51.12,1
4171,node3,41.38,1
4172,node3,17.87,1
4173,node3,53.58,1
4174,node3,49.65,1
4175,node3,55.79,1
4176,node3,58.8,1
4177,node3,29.6,1
4178,node3,57.22,1
4179,node3,51.71,1
4180,node3,61.56,1
4181,node3,2.64,0
4182,node3,14.35,0
4183,node3,91.93,0
4184,node3,51.04,1
4185,node3,23.42,1
4186,node3,205.56,0
4187,node3,72.48,1
4188,node3,54.32,1
4189,node3,43.27,1
4190,node3,31.69,1
4191,node3,39.08,1
4192,node3,22.96,1
4193,node3,30.6,1
4194,node3,272.64,0
4195,node3,53.51,1
4196,node3,42.38,1
4197,node3,74.02,1
4198,node3,23.78,1
4199,node3,83.66,0
4200,node3,66.27,1
4201,node3,30.01,1
4202,node3,271.15,0
4203,node3,31.65,1
4204,node3,32.08,1
4205,node3,12.08,0
4206,node3,277.01,0
4207,node3,38.8,1
4208,node3,40.82,1
4209,node3,28.57,1
4210,node3,21.76,1
4211,node3,6.87,0
4212,node3,49.58,1
4213,node3,46.71,1
4214,node3,43.24,1
4215,node3,52.46,1
4216,node3,46.83,1
4217,node3,31.8,1
4218,node3,50.23,1
4219,node3,34.14,1
4220,node3,39.72,1
4221,node3,51.11,1
4222,node3,27.39,1
4223,node3,37.03,1
4224,node3,44.26,1
4225,node3,49.41,1
4226,node3,2.39,0
4227,node3,43.22,1
4228,node3,45.89,1
4229,node3,59.13,1
4230,node3,5.12,0
4231,node3,42.99,1
4232,node3,45.38,1
4233,node3,23.66,1
4234,node3,203.48,0
4235,node3,7.95,0
4236,node3,21.05,1
4237,node3,238.77,0
4238,node3,35.17,1
4239,node3,49.63,1
4240,node3,52.21,1
4241,node3,50.94,1
4242,node3,31.52,1
4243,node3,43.63,1
4244,node3,174.16,0
4245,node3,43.29,1
4246,node3,37.09,1
4247,node3,50.3,1
4248,node3,21.58,1
4249,node3,37.66,1
4250,node3,43.79,1
4251,node3,44.43,1
4252,node3,45.96,1
4253,node3,47.08,1
4254,node3,59.3,1
4255,node3,37.43,1
4256,node3,239.68,0
4257,node3,65.64,1
4258,node3,42.94,1
4259,node3,48.2,1
4260,node3,46.72,1
4261,node3,33.48,1
4262,node3,124.22,0
4263,node3,52.07,1
4264,node3,56.31,1
4265,node3,6.79,0
4266,node3,39.5,1
4267,node3,41.56,1
4268,node3,62.77,1
4269,node3,23.97,1
4270,node3,48.47,1
4271,node3,27.33,1
4272,node3,267.35,0
4273,node3,75.0,1
4274,node3,47.47,1
4275,node3,41.53,1
4276,node3,37.79,1
4277,node3,27.5,1
4278,node3,32.26,1
4279,node3,51.38,1
4280,node3,29.89,1
4281,node3,65.08,1
4282,node3,71.29,1
4283,node3,54.8,1
4284,node3,42.89,1
4285,node3,62.83,1
4286,node3,51.11,1
4287,node3,37.36,1
4288,node3,68.56,1
4289,node3,67.09,1
4290,node3,56.27,1
4291,node3,53.3,1
4292,node3,15.61,1
4293,node3,63.9,1
4294,node3,57.14,1
4295,node3,22.85,1
4296,node3,49.73,1
4297,node3,20.1,1
4298,node3,66.19,1
4299,node3,124.36,0
4300,node3,52.98,1
4301,node3,58.73,1
4302,node3,36.49,1
4303,node3,26.61,1
4304,node3,42.2,1
4305,node3,34.04,1
4306,node3,68.64,1
4307,node3,66.03,1
4308,node3,42.85,1
4309,node3,5.28,0
4310,node3,42.97,1
4311,node3,26.04,1
4312,node3,61.93,1
4313,node3,58.53,1
4314,node3,36.37,1
4315,node3,38.81,1
4316,node3,33.29,1
4317,node3,216.69,0
4318,node3,32.29,1
4319,node3,65.69,1
4320,node3,15.0,1
4321,node3,20.31,1
4322,node3,24.31,1
4323,node3,24.54,1
4324,node3,23.12,1
4325,node3,47.73,1
4326,node3,63.36,1
4327,node3,46.89,1
4328,node3,42.19,1
4329,node3,11.15,0
4330,node3,18.61,1
4331,node3,40.28,1
4332,node3,47.51,1
4333,node3,60.33,1
4334,node3,71.62,1
4335,node3,64.06,1
4336,node3,63.56,1
4337,node3,56.55,1
4338,node3,48.05,1
4339,node3,47.94,1
4340,node3,75.0,1
4341,node3,235.03,0
4342,node3,36.57,1
4343,node3,45.19,1
4344,node3,55.66,1
4345,node3,34.24,1
4346,node3,4.69,0
4347,node3,6.45,0
4348,node3,53.85,1
4349,node3,63.74,1
4350,node3,46.08,1
4351,node3,28.42,1
4352,node3,50.08,1
4353,node3,42.2,1
4354,node3,123.61,0
4355,node3,32.06,1
4356,node3,54.8,1
4357,node3,38.74,1
4358,node3,19.13,1
4359,node3,13.71,0
4360,node3,10.99,0
4361,node3,28.74,1
4362,node3,23.29,1
4363,node3,35.94,1
4364,node3,31.3,1
4365,node3,37.29,1
4366,node3,56.55,1
4367,node3,52.52,1
4368,node3,20.42,1
4369,node3,9.38,0
4370,node3,52.49,1
4371,node3,40.38,1
4372,node3,38.9,1
4373,node3,47.36,1
4374,node3,47.48,1
4375,node3,3.14,0
4376,node3,41.24,1
4377,node3,21.66,1
4378,node3,271.46,0
4379,node3,49.86,1
4380,node3,30.99,1
4381,node3,32.81,1
4382,node3,65.9,1
4383,node3,41.34,1
4384,node3,3.71,0
4385,node3,49.86,1
4386,node3,27.61,1
4387,node3,71.55,1
4388,node3,38.4,1
4389,node3,12.91,0
4390,node3,52.56,1
4391,node3,61.65,1
4392,node3,36.58,1
4393,node3,22.44,1
4394,node3,42.19,1
4395,node3,11.16,0
4396,node3,8.77,0
4397,node3,4.08,0
4398,node3,38.5,1
4399,node3,59.63,1
4400,node3,63.89,1
4401,node3,39.29,1
4402,node3,63.47,1
4403,node3,43.43,1
4404,node3,38.98,1
4405,node3,81.05,0
4406,node3,58.51,1
4407,node3,43.23,1
4408,node3,23.59,1
4409,node3,46.13,1
4410,node3,162.48,0
4411,node3,69.33,1
4412,node3,10.65,0
4413,node3,27.13,1
4414,node3,53.86,1
4415,node3,54.75,1
4416,node3,62.17,1
4417,node3,45.82,1
4418,node3,37.1,1
4419,node3,98.87,0
4420,node3,46.52,1
4421,node3,49.25,1
4422,node3,3.03,0
4423,node3,9.1,0
4424,node3,254.44,0
4425,node3,19.94,1
4426,node3,282.57,0
4427,node3,57.49,1
4428,node3,45.46,1
4429,node3,41.25,1
4430,node3,44.52,1
4431,node3,34.1,1
4432,node3,40.37,1
4433,node3,259.4,0
4434,node3,66.71,1
4435,node3,30.35,1
4436,node3,12.61,0
4437,node3,62.75,1
4438,node3,47.17,1
4439,node3,48.67,1
4440,node3,30.53,1
4441,node3,20.54,1
4442,node3,53.62,1
4443,node3,36.91,1
4444,node3,53.33,1
4445,node3,31.32,1
4446,node3,35.79,1
4447,node3,210.48,0
4448,node3,56.44,1
4449,node3,39.58,1
4450,node3,20.98,1
4451,node3,48.57,1
4452,node3,22.1,1
4453,node3,121.18,0
4454,node3,40.97,1
4455,node3,39.82,1
4456,node3,70.9,1
4457,node3,48.39,1
4458,node3,63.61,1
4459,node3,32.85,1
4460,node3,58.93,1
4461,node3,40.45,1
4462,node3,27.77,1
4463,node3,60.06,1
4464,node3,37.47,1
4465,node3,46.85,1
4466,node3,35.01,1
4467,node3,51.99,1
4468,node3,42.76,1
4469,node3,53.02,1
4470,node3,5.4,0
4471,node3,74.99,1
4472,node3,52.25,1
4473,node3,52.18,1
4474,node3,53.07,1
4475,node3,49.08,1
4476,node3,45.51,1
4477,node3,279.71,0
4478,node3,67.67,1
4479,node3,35.26,1
4480,node3,33.17,1
4481,node3,29.29,1
4482,node3,281.17,0
4483,node3,35.7,1
4484,node3,47.04,1
4485,node3,15.31,1
4486,node3,69.27,1
4487,node3,65.11,1
4488,node3,43.31,1
4489,node3,51.89,1
4490,node3,11.1,0
4491,node3,30.51,1
4492,node3,8.19,0
4493,node3,50.55,1
4494,node3,23.59,1
4495,node3,5.61,0
4496,node3,45.11,1
4497,node3,146.35,0
4498,node3,55.71,1
4499,node3,62.09,1
4500,node3,52.03,1
