sample,node,distance,label,distance_raw
1501,node2,0.0576597903280351,0,22.76
1502,node2,0.0541088941494758,0,21.5
1503,node2,0.0541088941494758,0,21.5
1504,node2,0.0541088941494758,0,21.5
1505,node2,0.0541652575808815,0,21.52
1506,node2,0.0541652575808815,0,21.52
1507,node2,0.0541652575808815,0,21.52
1508,node2,0.0541088941494758,0,21.5
1509,node2,0.0541652575808815,0,21.52
1510,node2,0.0541652575808815,0,21.52
1511,node2,0.0541652575808815,0,21.52
1512,node2,0.0541652575808815,0,21.52
1513,node2,0.0541088941494758,0,21.5
1514,node2,0.0541652575808815,0,21.52
1515,node2,0.7517190846578741,0,269.04
1516,node2,0.0124845000563634,1,6.73
1517,node2,0.0414271220831924,1,17.0
1518,node2,0.0035790778942622,1,3.57
1519,node2,0.1258877240446398,0,46.97
1520,node2,0.051403449442002,0,20.54
1521,node2,0.044160748506369,1,17.97
1522,node2,0.7631890429489347,0,273.11
1523,node2,0.8454232893698569,0,302.29
1524,node2,0.7612163228497352,0,272.41
1525,node2,0.0044808927967534,1,3.89
1526,node2,0.0062563408860331,1,4.52
1527,node2,0.76620448652914,0,274.18
1528,node2,0.0071299740728215,1,4.83
1529,node2,0.0116390485852778,1,6.43
1530,node2,0.0,1,2.3
1531,node2,0.0053545259835418,1,4.2
1532,node2,0.0035790778942622,1,3.57
1533,node2,0.0115826851538721,1,6.41
1534,node2,0.008933603877804,1,5.47
1535,node2,0.0179517529027167,1,8.67
1536,node2,0.0107090519670837,1,6.1
1537,node2,0.0198117461391049,1,9.33
1538,node2,0.134426783902604,0,50.0
1539,node2,0.0026772629917709,1,3.25
1540,node2,0.0189099312366136,1,9.01
1541,node2,0.0062281591703302,1,4.51
1542,node2,0.0017472663735768,1,2.92
1543,node2,0.0009018149024912,1,2.62
1544,node2,0.0071299740728215,1,4.83
1545,node2,0.0098072370645924,1,5.78
1546,node2,0.0098636004959981,1,5.8
1547,node2,0.0098072370645924,1,5.78
1548,node2,0.0124845000563634,1,6.73
1549,node2,0.0116390485852778,1,6.43
1550,node2,0.008933603877804,1,5.47
1551,node2,0.0133863149588546,1,7.05
1552,node2,0.0125408634877691,1,6.75
1553,node2,0.0124845000563634,1,6.73
1554,node2,0.0071299740728215,1,4.83
1555,node2,0.0180081163341224,1,8.69
1556,node2,0.0116390485852778,1,6.43
1557,node2,0.0116390485852778,1,6.43
1558,node2,0.0116390485852778,1,6.43
1559,node2,0.0124845000563634,1,6.73
1560,node2,0.0115826851538721,1,6.41
1561,node2,0.0116390485852778,1,6.43
1562,node2,0.0133863149588546,1,7.05
1563,node2,0.0143163115770488,1,7.38
1564,node2,0.0198681095705106,1,9.35
1565,node2,0.01521812647954,1,7.7
1566,node2,0.008933603877804,1,5.47
1567,node2,0.0098636004959981,1,5.8
1568,node2,0.008933603877804,1,5.47
1569,node2,0.0107090519670837,1,6.1
1570,node2,0.0124845000563634,1,6.73
1571,node2,0.0116390485852778,1,6.43
1572,node2,0.0116390485852778,1,6.43
1573,node2,0.0125408634877691,1,6.75
1574,node2,0.0098636004959981,1,5.8
1575,node2,0.0133863149588546,1,7.05
1576,node2,0.008933603877804,1,5.47
1577,node2,0.0116390485852778,1,6.43
1578,node2,0.0098072370645924,1,5.78
1579,node2,0.0115826851538721,1,6.41
1580,node2,0.0198681095705106,1,9.35
1581,node2,0.0143163115770488,1,7.38
1582,node2,0.008933603877804,1,5.47
1583,node2,0.0115826851538721,1,6.41
1584,node2,0.0133863149588546,1,7.05
1585,node2,0.0133863149588546,1,7.05
1586,node2,0.0143163115770488,1,7.38
1587,node2,0.0160917596663284,1,8.01
1588,node2,0.0125408634877691,1,6.75
1589,node2,0.044160748506369,1,17.97
1590,node2,0.0116390485852778,1,6.43
1591,node2,0.0169935745688197,1,8.33
1592,node2,0.0143163115770488,1,7.38
1593,node2,0.0098636004959981,1,5.8
1594,node2,0.0116390485852778,1,6.43
1595,node2,0.0107090519670837,1,6.1
1596,node2,0.0133863149588546,1,7.05
1597,node2,0.01521812647954,1,7.7
1598,node2,0.0169935745688197,1,8.33
1599,node2,0.0160917596663284,1,8.01
1600,node2,0.01521812647954,1,7.7
1601,node2,0.0179517529027167,1,8.67
1602,node2,0.0208262879044076,1,9.69
1603,node2,0.01521812647954,1,7.7
1604,node2,0.0124845000563634,1,6.73
1605,node2,0.0116390485852778,1,6.43
1606,node2,0.0169935745688197,1,8.33
1607,node2,0.0133863149588546,1,7.05
1608,node2,0.0107090519670837,1,6.1
1609,node2,0.0107090519670837,1,6.1
1610,node2,0.0107090519670837,1,6.1
1611,node2,0.0143163115770488,1,7.38
1612,node2,0.0115826851538721,1,6.41
1613,node2,0.0143163115770488,1,7.38
1614,node2,0.0160917596663284,1,8.01
1615,node2,0.0133863149588546,1,7.05
1616,node2,0.0116390485852778,1,6.43
1617,node2,0.0124845000563634,1,6.73
1618,node2,0.0169935745688197,1,8.33
1619,node2,0.0124845000563634,1,6.73
1620,node2,0.0116390485852778,1,6.43
1621,node2,0.0169935745688197,1,8.33
1622,node2,0.0116390485852778,1,6.43
1623,node2,0.0116390485852778,1,6.43
1624,node2,0.0169935745688197,1,8.33
1625,node2,0.0180081163341224,1,8.69
1626,node2,0.0160917596663284,1,8.01
1627,node2,0.0180081163341224,1,8.69
1628,node2,0.0169935745688197,1,8.33
1629,node2,0.0217281028068988,1,10.01
1630,node2,0.0189099312366136,1,9.01
1631,node2,0.0180081163341224,1,8.69
1632,node2,0.0124845000563634,1,6.73
1633,node2,0.0124845000563634,1,6.73
1634,node2,0.0124845000563634,1,6.73
1635,node2,0.0189099312366136,1,9.01
1636,node2,0.0151617630481343,1,7.68
1637,node2,0.0207699244730019,1,9.67
1638,node2,0.0245744560928869,1,11.02
1639,node2,0.0180081163341224,1,8.69
1640,node2,0.0180081163341224,1,8.69
1641,node2,0.0189099312366136,1,9.01
1642,node2,0.0198681095705106,1,9.35
1643,node2,0.0189099312366136,1,9.01
1644,node2,0.0208262879044076,1,9.69
1645,node2,0.0245744560928869,1,11.02
1646,node2,0.0207699244730019,1,9.67
1647,node2,0.0217281028068988,1,10.01
1648,node2,0.0208262879044076,1,9.69
1649,node2,0.0208262879044076,1,9.69
1650,node2,0.0169935745688197,1,8.33
1651,node2,0.0133863149588546,1,7.05
1652,node2,0.0161199413820313,1,8.02
1653,node2,0.0208262879044076,1,9.69
1654,node2,0.0160917596663284,1,8.01
1655,node2,0.0160917596663284,1,8.01
1656,node2,0.0143163115770488,1,7.38
1657,node2,0.0143163115770488,1,7.38
1658,node2,0.0160917596663284,1,8.01
1659,node2,0.01521812647954,1,7.7
1660,node2,0.0124845000563634,1,6.73
1661,node2,0.0151617630481343,1,7.68
1662,node2,0.0143163115770488,1,7.38
1663,node2,0.0098636004959981,1,5.8
1664,node2,0.008933603877804,1,5.47
1665,node2,0.0080317889753128,1,5.15
1666,node2,0.0115826851538721,1,6.41
1667,node2,0.0116390485852778,1,6.43
1668,node2,0.775335362416864,0,277.42
1669,node2,0.0080317889753128,1,5.15
1670,node2,0.008933603877804,1,5.47
1671,node2,0.01521812647954,1,7.7
1672,node2,0.0180081163341224,1,8.69
1673,node2,0.6057377973171008,0,217.24
1674,node2,0.0080317889753128,1,5.15
1675,node2,0.0179517529027167,1,8.67
1676,node2,0.0198681095705106,1,9.35
1677,node2,0.0124845000563634,1,6.73
1678,node2,0.0198117461391049,1,9.33
1679,node2,0.0151617630481343,1,7.68
1680,node2,0.0160917596663284,1,8.01
1681,node2,0.0189099312366136,1,9.01
1682,node2,0.0217281028068988,1,10.01
1683,node2,0.0179517529027167,1,8.67
1684,node2,0.0151617630481343,1,7.68
1685,node2,0.0169935745688197,1,8.33
1686,node2,0.0198681095705106,1,9.35
1687,node2,0.0208262879044076,1,9.69
1688,node2,0.0208262879044076,1,9.69
1689,node2,0.01521812647954,1,7.7
1690,node2,0.0160917596663284,1,8.01
1691,node2,0.0115826851538721,1,6.41
1692,node2,0.0151617630481343,1,7.68
1693,node2,0.0151617630481343,1,7.68
1694,node2,0.0125408634877691,1,6.75
1695,node2,0.0107090519670837,1,6.1
1696,node2,0.0098636004959981,1,5.8
1697,node2,0.01521812647954,1,7.7
1698,node2,0.0107090519670837,1,6.1
1699,node2,0.0107090519670837,1,6.1
1700,node2,0.0107090519670837,1,6.1
1701,node2,0.0080317889753128,1,5.15
1702,node2,0.0116390485852778,1,6.43
1703,node2,0.0080317889753128,1,5.15
1704,node2,0.0080317889753128,1,5.15
1705,node2,0.0062281591703302,1,4.51
1706,node2,0.008933603877804,1,5.47
1707,node2,0.008933603877804,1,5.47
1708,node2,0.0071299740728215,1,4.83
1709,node2,0.0098636004959981,1,5.8
1710,node2,0.0151617630481343,1,7.68
1711,node2,0.0098072370645924,1,5.78
1712,node2,0.008933603877804,1,5.47
1713,node2,0.0062563408860331,1,4.52
1714,node2,0.0044808927967534,1,3.89
1715,node2,0.008933603877804,1,5.47
1716,node2,0.0098636004959981,1,5.8
1717,node2,0.0208262879044076,1,9.69
1718,node2,0.0080317889753128,1,5.15
1719,node2,0.008933603877804,1,5.47
1720,node2,0.0080317889753128,1,5.15
1721,node2,0.0189099312366136,1,9.01
1722,node2,0.0080317889753128,1,5.15
1723,node2,0.0035790778942622,1,3.57
1724,node2,0.0053545259835418,1,4.2
1725,node2,0.0044808927967534,1,3.89
1726,node2,0.0017472663735768,1,2.92
1727,node2,0.0053545259835418,1,4.2
1728,node2,0.0044808927967534,1,3.89
1729,node2,0.0044808927967534,1,3.89
1730,node2,0.0044808927967534,1,3.89
1731,node2,0.0080317889753128,1,5.15
1732,node2,0.0062563408860331,1,4.52
1733,node2,0.0071299740728215,1,4.83
1734,node2,0.0062563408860331,1,4.52
1735,node2,0.0035790778942622,1,3.57
1736,node2,0.0044808927967534,1,3.89
1737,node2,0.0026772629917709,1,3.25
1738,node2,0.008933603877804,1,5.47
1739,node2,0.0071299740728215,1,4.83
1740,node2,0.0053545259835418,1,4.2
1741,node2,0.0062563408860331,1,4.52
1742,node2,0.0035790778942622,1,3.57
1743,node2,0.0053545259835418,1,4.2
1744,node2,0.0115826851538721,1,6.41
1745,node2,0.008933603877804,1,5.47
1746,node2,0.0089054221621012,1,5.46
1747,node2,0.0116390485852778,1,6.43
1748,node2,0.0143163115770488,1,7.38
1749,node2,0.0143163115770488,1,7.38
1750,node2,0.0142599481456431,1,7.36
1751,node2,0.008933603877804,1,5.47
1752,node2,0.0160917596663284,1,8.01
1753,node2,0.0062563408860331,1,4.52
1754,node2,0.0098636004959981,1,5.8
1755,node2,0.0062563408860331,1,4.52
1756,node2,0.1530548979821892,0,56.61
1757,node2,0.0625915905760342,0,24.51
1758,node2,0.0626479540074399,0,24.53
1759,node2,0.0962405591252395,0,36.45
1760,node2,0.0633806786157141,0,24.79
1761,node2,0.1478694622928644,0,54.77
1762,node2,0.1551121632284973,0,57.34
1763,node2,0.0044808927967534,1,3.89
1764,node2,0.0477961898320369,1,19.26
1765,node2,0.0414271220831924,1,17.0
1766,node2,0.0098072370645924,1,5.78
1767,node2,0.0115826851538721,1,6.41
1768,node2,0.0080317889753128,1,5.15
1769,node2,0.0080317889753128,1,5.15
1770,node2,0.0080317889753128,1,5.15
1771,node2,0.0116390485852778,1,6.43
1772,node2,0.0143163115770488,1,7.38
1773,node2,0.0143163115770488,1,7.38
1774,node2,0.0143163115770488,1,7.38
1775,node2,0.0143163115770488,1,7.38
1776,node2,0.0142599481456431,1,7.36
1777,node2,0.0143163115770488,1,7.38
1778,node2,0.0143163115770488,1,7.38
1779,node2,0.0143163115770488,1,7.38
1780,node2,0.0143163115770488,1,7.38
1781,node2,0.0143163115770488,1,7.38
1782,node2,0.0143163115770488,1,7.38
1783,node2,0.0143163115770488,1,7.38
1784,node2,0.0143163115770488,1,7.38
1785,node2,0.0143163115770488,1,7.38
1786,node2,0.0143163115770488,1,7.38
1787,node2,0.0142599481456431,1,7.36
1788,node2,0.0143163115770488,1,7.38
1789,node2,0.0143163115770488,1,7.38
1790,node2,0.0143163115770488,1,7.38
1791,node2,0.0143163115770488,1,7.38
1792,node2,0.0142599481456431,1,7.36
1793,node2,0.0107090519670837,1,6.1
1794,node2,0.0124845000563634,1,6.73
1795,node2,0.0071299740728215,1,4.83
1796,node2,0.0071299740728215,1,4.83
1797,node2,0.0071299740728215,1,4.83
1798,node2,0.0071299740728215,1,4.83
1799,node2,0.0098636004959981,1,5.8
1800,node2,0.0098636004959981,1,5.8
1801,node2,0.0098072370645924,1,5.78
1802,node2,0.0098636004959981,1,5.8
1803,node2,0.0098072370645924,1,5.78
1804,node2,0.0098072370645924,1,5.78
1805,node2,0.0098636004959981,1,5.8
1806,node2,0.0098636004959981,1,5.8
1807,node2,0.0098072370645924,1,5.78
1808,node2,0.0098072370645924,1,5.78
1809,node2,0.0098072370645924,1,5.78
1810,node2,0.0107090519670837,1,6.1
1811,node2,0.0107090519670837,1,6.1
1812,node2,0.0107090519670837,1,6.1
1813,node2,0.0143163115770488,1,7.38
1814,node2,0.0107090519670837,1,6.1
1815,node2,0.0143163115770488,1,7.38
1816,node2,0.0107090519670837,1,6.1
1817,node2,0.0107090519670837,1,6.1
1818,node2,0.0107090519670837,1,6.1
1819,node2,0.0143163115770488,1,7.38
1820,node2,0.0107090519670837,1,6.1
1821,node2,0.0143163115770488,1,7.38
1822,node2,0.0107090519670837,1,6.1
1823,node2,0.0107090519670837,1,6.1
1824,node2,0.0107090519670837,1,6.1
1825,node2,0.0143163115770488,1,7.38
1826,node2,0.0107090519670837,1,6.1
1827,node2,0.0107090519670837,1,6.1
1828,node2,0.0143163115770488,1,7.38
1829,node2,0.0107090519670837,1,6.1
1830,node2,0.0107090519670837,1,6.1
1831,node2,0.0107090519670837,1,6.1
1832,node2,0.0107090519670837,1,6.1
1833,node2,0.0107090519670837,1,6.1
1834,node2,0.0107090519670837,1,6.1
1835,node2,0.0143163115770488,1,7.38
1836,node2,0.0107090519670837,1,6.1
1837,node2,0.0143163115770488,1,7.38
1838,node2,0.0143163115770488,1,7.38
1839,node2,0.0107090519670837,1,6.1
1840,node2,0.0143163115770488,1,7.38
1841,node2,0.0143163115770488,1,7.38
1842,node2,0.0107090519670837,1,6.1
1843,node2,0.0107090519670837,1,6.1
1844,node2,0.0107090519670837,1,6.1
1845,node2,0.0107090519670837,1,6.1
1846,node2,0.0107090519670837,1,6.1
1847,node2,0.0107090519670837,1,6.1
1848,node2,0.0107090519670837,1,6.1
1849,node2,0.0107090519670837,1,6.1
1850,node2,0.0107090519670837,1,6.1
1851,node2,0.0107090519670837,1,6.1
1852,node2,0.0107090519670837,1,6.1
1853,node2,0.0107090519670837,1,6.1
1854,node2,0.0107090519670837,1,6.1
1855,node2,0.0107090519670837,1,6.1
1856,node2,0.0107090519670837,1,6.1
1857,node2,0.0107090519670837,1,6.1
1858,node2,0.0107090519670837,1,6.1
1859,node2,0.0107090519670837,1,6.1
1860,node2,0.0107090519670837,1,6.1
1861,node2,0.0107090519670837,1,6.1
1862,node2,0.0107090519670837,1,6.1
1863,node2,0.0107090519670837,1,6.1
1864,node2,0.0107090519670837,1,6.1
1865,node2,0.0107090519670837,1,6.1
1866,node2,0.0107090519670837,1,6.1
1867,node2,0.0107090519670837,1,6.1
1868,node2,0.0107090519670837,1,6.1
1869,node2,0.0107090519670837,1,6.1
1870,node2,0.0107090519670837,1,6.1
1871,node2,0.0107090519670837,1,6.1
1872,node2,0.0107090519670837,1,6.1
1873,node2,0.0107090519670837,1,6.1
1874,node2,0.0107090519670837,1,6.1
1875,node2,0.0107090519670837,1,6.1
1876,node2,0.0107090519670837,1,6.1
1877,node2,0.0107090519670837,1,6.1
1878,node2,0.0107090519670837,1,6.1
1879,node2,0.0107090519670837,1,6.1
1880,node2,0.0107090519670837,1,6.1
1881,node2,0.0107090519670837,1,6.1
1882,node2,0.0107090519670837,1,6.1
1883,node2,0.0107090519670837,1,6.1
1884,node2,0.0107090519670837,1,6.1
1885,node2,0.0107090519670837,1,6.1
1886,node2,0.0107090519670837,1,6.1
1887,node2,0.0107090519670837,1,6.1
1888,node2,0.0107090519670837,1,6.1
1889,node2,0.0107090519670837,1,6.1
1890,node2,0.0107090519670837,1,6.1
1891,node2,0.0107090519670837,1,6.1
1892,node2,0.0107090519670837,1,6.1
1893,node2,0.0107090519670837,1,6.1
1894,node2,0.0107090519670837,1,6.1
1895,node2,0.0107090519670837,1,6.1
1896,node2,0.0107090519670837,1,6.1
1897,node2,0.0107090519670837,1,6.1
1898,node2,0.0107090519670837,1,6.1
1899,node2,0.0107090519670837,1,6.1
1900,node2,0.0107090519670837,1,6.1
1901,node2,0.0107090519670837,1,6.1
1902,node2,0.0107090519670837,1,6.1
1903,node2,0.0107090519670837,1,6.1
1904,node2,0.0107090519670837,1,6.1
1905,node2,0.0107090519670837,1,6.1
1906,node2,0.0107090519670837,1,6.1
1907,node2,0.0107090519670837,1,6.1
1908,node2,0.0107090519670837,1,6.1
1909,node2,0.0107090519670837,1,6.1
1910,node2,0.0107090519670837,1,6.1
1911,node2,0.0107090519670837,1,6.1
1912,node2,0.0107090519670837,1,6.1
1913,node2,0.0107090519670837,1,6.1
1914,node2,0.0107090519670837,1,6.1
1915,node2,0.0107090519670837,1,6.1
1916,node2,0.0226862811407958,1,10.35
1917,node2,0.0116390485852778,1,6.43
1918,node2,0.0189099312366136,1,9.01
1919,node2,0.0044808927967534,1,3.89
1920,node2,0.0226862811407958,1,10.35
1921,node2,0.040553488896404,1,16.69
1922,node2,0.0208262879044076,1,9.69
1923,node2,0.0207699244730019,1,9.67
1924,node2,0.0217281028068988,1,10.01
1925,node2,0.008933603877804,1,5.47
1926,node2,0.0053545259835418,1,4.2
1927,node2,0.008933603877804,1,5.47
1928,node2,0.0053545259835418,1,4.2
1929,node2,0.0026772629917709,1,3.25
1930,node2,0.0026772629917709,1,3.25
1931,node2,0.0026772629917709,1,3.25
1932,node2,0.0026772629917709,1,3.25
1933,node2,0.0026772629917709,1,3.25
1934,node2,0.0133863149588546,1,7.05
1935,node2,0.0198681095705106,1,9.35
1936,node2,0.0208262879044076,1,9.69
1937,node2,0.0044808927967534,1,3.89
1938,node2,0.0115826851538721,1,6.41
1939,node2,0.0071581557885244,1,4.84
1940,node2,0.0080317889753128,1,5.15
1941,node2,0.0062563408860331,1,4.52
1942,node2,0.0053545259835418,1,4.2
1943,node2,0.0062281591703302,1,4.51
1944,node2,0.0071299740728215,1,4.83
1945,node2,0.0423289369856836,1,17.32
1946,node2,0.0151617630481343,1,7.68
1947,node2,0.0321271559012512,1,13.7
1948,node2,0.008933603877804,1,5.47
1949,node2,0.0026772629917709,1,3.25
1950,node2,0.0143163115770488,1,7.38
1951,node2,0.0107090519670837,1,6.1
1952,node2,0.0107090519670837,1,6.1
1953,node2,0.0107090519670837,1,6.1
1954,node2,0.0189099312366136,1,9.01
1955,node2,0.0198681095705106,1,9.35
1956,node2,0.0198681095705106,1,9.35
1957,node2,0.0198681095705106,1,9.35
1958,node2,0.0245744560928869,1,11.02
1959,node2,0.0245744560928869,1,11.02
1960,node2,0.0245744560928869,1,11.02
1961,node2,0.0245744560928869,1,11.02
1962,node2,0.0245744560928869,1,11.02
1963,node2,0.0245744560928869,1,11.02
1964,node2,0.0071299740728215,1,4.83
1965,node2,0.0044808927967534,1,3.89
1966,node2,0.0044527110810506,1,3.88
1967,node2,0.0044808927967534,1,3.89
1968,node2,0.0044808927967534,1,3.89
1969,node2,0.0044527110810506,1,3.88
1970,node2,0.0044527110810506,1,3.88
1971,node2,0.0044808927967534,1,3.89
1972,node2,0.0044808927967534,1,3.89
1973,node2,0.0044808927967534,1,3.89
1974,node2,0.0044808927967534,1,3.89
1975,node2,0.0044808927967534,1,3.89
1976,node2,0.0044808927967534,1,3.89
1977,node2,0.0044808927967534,1,3.89
1978,node2,0.0044808927967534,1,3.89
1979,node2,0.0044527110810506,1,3.88
1980,node2,0.0044808927967534,1,3.89
1981,node2,0.0044527110810506,1,3.88
1982,node2,0.0044527110810506,1,3.88
1983,node2,0.0044808927967534,1,3.89
1984,node2,0.0044808927967534,1,3.89
1985,node2,0.0044808927967534,1,3.89
1986,node2,0.0044808927967534,1,3.89
1987,node2,0.0044808927967534,1,3.89
1988,node2,0.0044527110810506,1,3.88
1989,node2,0.0044808927967534,1,3.89
1990,node2,0.0044808927967534,1,3.89
1991,node2,0.0044808927967534,1,3.89
1992,node2,0.0044808927967534,1,3.89
1993,node2,0.0044808927967534,1,3.89
1994,node2,0.0044808927967534,1,3.89
1995,node2,0.0044808927967534,1,3.89
1996,node2,0.0044808927967534,1,3.89
1997,node2,0.0044808927967534,1,3.89
1998,node2,0.0044527110810506,1,3.88
1999,node2,0.0080317889753128,1,5.15
2000,node2,0.0080317889753128,1,5.15
2001,node2,0.0080317889753128,1,5.15
2002,node2,0.0080317889753128,1,5.15
2003,node2,0.0080317889753128,1,5.15
2004,node2,0.0080317889753128,1,5.15
2005,node2,0.0053545259835418,1,4.2
2006,node2,0.0080317889753128,1,5.15
2007,node2,0.0080317889753128,1,5.15
2008,node2,0.0053545259835418,1,4.2
2009,node2,0.0053545259835418,1,4.2
2010,node2,0.0053545259835418,1,4.2
2011,node2,0.0053545259835418,1,4.2
2012,node2,0.0053545259835418,1,4.2
2013,node2,0.0053545259835418,1,4.2
2014,node2,0.0053545259835418,1,4.2
2015,node2,0.0053545259835418,1,4.2
2016,node2,0.0053545259835418,1,4.2
2017,node2,0.0053545259835418,1,4.2
2018,node2,0.0053545259835418,1,4.2
2019,node2,0.0053545259835418,1,4.2
2020,node2,0.0053545259835418,1,4.2
2021,node2,0.0053545259835418,1,4.2
2022,node2,0.0053545259835418,1,4.2
2023,node2,0.0053545259835418,1,4.2
2024,node2,0.0053545259835418,1,4.2
2025,node2,0.0053545259835418,1,4.2
2026,node2,0.0053545259835418,1,4.2
2027,node2,0.0053545259835418,1,4.2
2028,node2,0.0053545259835418,1,4.2
2029,node2,0.0053545259835418,1,4.2
2030,node2,0.0053545259835418,1,4.2
2031,node2,0.0053545259835418,1,4.2
2032,node2,0.0053545259835418,1,4.2
2033,node2,0.0053545259835418,1,4.2
2034,node2,0.0053545259835418,1,4.2
2035,node2,0.0053545259835418,1,4.2
2036,node2,0.0053545259835418,1,4.2
2037,node2,0.0053545259835418,1,4.2
2038,node2,0.0053545259835418,1,4.2
2039,node2,0.0053545259835418,1,4.2
2040,node2,0.0053545259835418,1,4.2
2041,node2,0.0053545259835418,1,4.2
2042,node2,0.0053545259835418,1,4.2
2043,node2,0.0053545259835418,1,4.2
2044,node2,0.0053545259835418,1,4.2
2045,node2,0.0053545259835418,1,4.2
2046,node2,0.0053545259835418,1,4.2
2047,node2,0.0053545259835418,1,4.2
2048,node2,0.0053545259835418,1,4.2
2049,node2,0.0053545259835418,1,4.2
2050,node2,0.0053545259835418,1,4.2
2051,node2,0.0053545259835418,1,4.2
2052,node2,0.0053545259835418,1,4.2
2053,node2,0.0053545259835418,1,4.2
2054,node2,0.0053545259835418,1,4.2
2055,node2,0.0053545259835418,1,4.2
2056,node2,0.0053545259835418,1,4.2
2057,node2,0.0053545259835418,1,4.2
2058,node2,0.0053545259835418,1,4.2
2059,node2,0.0053545259835418,1,4.2
2060,node2,0.0053545259835418,1,4.2
2061,node2,0.0053545259835418,1,4.2
2062,node2,0.0053545259835418,1,4.2
2063,node2,0.0053545259835418,1,4.2
2064,node2,0.0053545259835418,1,4.2
2065,node2,0.0053545259835418,1,4.2
2066,node2,0.0053545259835418,1,4.2
2067,node2,0.0053545259835418,1,4.2
2068,node2,0.0053545259835418,1,4.2
2069,node2,0.0053545259835418,1,4.2
2070,node2,0.0053545259835418,1,4.2
2071,node2,0.0053545259835418,1,4.2
2072,node2,0.0053545259835418,1,4.2
2073,node2,0.0053545259835418,1,4.2
2074,node2,0.0053545259835418,1,4.2
2075,node2,0.0053545259835418,1,4.2
2076,node2,0.0053545259835418,1,4.2
2077,node2,0.0053545259835418,1,4.2
2078,node2,0.0053545259835418,1,4.2
2079,node2,0.0053545259835418,1,4.2
2080,node2,0.0053545259835418,1,4.2
2081,node2,0.0053545259835418,1,4.2
2082,node2,0.0053545259835418,1,4.2
2083,node2,0.0053545259835418,1,4.2
2084,node2,0.0053545259835418,1,4.2
2085,node2,0.0053545259835418,1,4.2
2086,node2,0.0053545259835418,1,4.2
2087,node2,0.0053545259835418,1,4.2
2088,node2,0.0053545259835418,1,4.2
2089,node2,0.0053545259835418,1,4.2
2090,node2,0.0053545259835418,1,4.2
2091,node2,0.0053545259835418,1,4.2
2092,node2,0.0151617630481343,1,7.68
2093,node2,0.0496280013527223,1,19.91
2094,node2,0.0180081163341224,1,8.69
2095,node2,0.0053545259835418,1,4.2
2096,node2,0.0053545259835418,1,4.2
2097,node2,0.008933603877804,1,5.47
2098,node2,0.0386934956600157,1,16.03
2099,node2,0.0255326344267839,1,11.36
2100,node2,0.0667343027843535,0,25.98
2101,node2,0.0593506932702062,0,23.36
2102,node2,0.0387498590914214,1,16.05
2103,node2,0.052361627775899,0,20.88
2104,node2,0.0386934956600157,1,16.03
2105,node2,0.0387498590914214,1,16.05
2106,node2,0.0386934956600157,1,16.03
2107,node2,0.052361627775899,0,20.88
2108,node2,0.052361627775899,0,20.88
2109,node2,0.052361627775899,0,20.88
2110,node2,0.052361627775899,0,20.88
2111,node2,0.0523052643444932,0,20.86
2112,node2,0.052361627775899,0,20.88
2113,node2,0.0387498590914214,1,16.05
2114,node2,0.0559407056701612,0,22.15
2115,node2,0.0523052643444932,0,20.86
2116,node2,0.040553488896404,1,16.69
2117,node2,0.0559407056701612,0,22.15
2118,node2,0.1208150152181265,0,45.17
2119,node2,0.0523052643444932,0,20.86
2120,node2,0.081670612106865,0,31.28
2121,node2,0.0650997632735881,0,25.4
2122,node2,0.0942114755946342,0,35.73
2123,node2,0.0559407056701612,0,22.15
2124,node2,0.0523052643444932,0,20.86
2125,node2,0.0955641979483711,0,36.21
2126,node2,0.0559407056701612,0,22.15
2127,node2,0.0559407056701612,0,22.15
2128,node2,0.0559407056701612,0,22.15
2129,node2,0.0559407056701612,0,22.15
2130,node2,0.0559970691015669,0,22.17
2131,node2,0.0559407056701612,0,22.15
2132,node2,0.0559407056701612,0,22.15
2133,node2,0.0592943298388005,0,23.34
2134,node2,0.0559970691015669,0,22.17
2135,node2,0.0559407056701612,0,22.15
2136,node2,0.0559407056701612,0,22.15
2137,node2,0.0559970691015669,0,22.17
2138,node2,0.0559407056701612,0,22.15
2139,node2,0.0459643783113516,1,18.61
2140,node2,0.0026772629917709,1,3.25
2141,node2,0.0035790778942622,1,3.57
2142,node2,0.0009018149024912,1,2.62
2143,node2,0.0009018149024912,1,2.62
2144,node2,0.0008454514710855,1,2.6
2145,node2,0.0009018149024912,1,2.62
2146,node2,0.0009018149024912,1,2.62
2147,node2,0.0009018149024912,1,2.62
2148,node2,0.0008454514710855,1,2.6
2149,node2,0.0009018149024912,1,2.62
2150,node2,0.0009018149024912,1,2.62
2151,node2,0.0035790778942622,1,3.57
2152,node2,0.0035790778942622,1,3.57
2153,node2,0.0035790778942622,1,3.57
2154,node2,0.0035790778942622,1,3.57
2155,node2,0.0035790778942622,1,3.57
2156,node2,0.0035790778942622,1,3.57
2157,node2,0.0035790778942622,1,3.57
2158,node2,0.0035790778942622,1,3.57
2159,node2,0.0035790778942622,1,3.57
2160,node2,0.0035790778942622,1,3.57
2161,node2,0.0035790778942622,1,3.57
2162,node2,0.0035790778942622,1,3.57
2163,node2,0.0035790778942622,1,3.57
2164,node2,0.0035790778942622,1,3.57
2165,node2,0.0035790778942622,1,3.57
2166,node2,0.0035790778942622,1,3.57
2167,node2,0.0035790778942622,1,3.57
2168,node2,0.0035790778942622,1,3.57
2169,node2,0.0035790778942622,1,3.57
2170,node2,0.0035790778942622,1,3.57
2171,node2,0.0035790778942622,1,3.57
2172,node2,0.0035790778942622,1,3.57
2173,node2,0.0035790778942622,1,3.57
2174,node2,0.0035790778942622,1,3.57
2175,node2,0.0035790778942622,1,3.57
2176,node2,0.0035790778942622,1,3.57
2177,node2,0.0035790778942622,1,3.57
2178,node2,0.0035790778942622,1,3.57
2179,node2,0.0035790778942622,1,3.57
2180,node2,0.0035790778942622,1,3.57
2181,node2,0.0035790778942622,1,3.57
2182,node2,0.0035790778942622,1,3.57
2183,node2,0.0035790778942622,1,3.57
2184,node2,0.0035790778942622,1,3.57
2185,node2,0.0035790778942622,1,3.57
2186,node2,0.0035790778942622,1,3.57
2187,node2,0.0035790778942622,1,3.57
2188,node2,0.0035790778942622,1,3.57
2189,node2,0.0035790778942622,1,3.57
2190,node2,0.0035790778942622,1,3.57
2191,node2,0.0035790778942622,1,3.57
2192,node2,0.0035790778942622,1,3.57
2193,node2,0.0035790778942622,1,3.57
2194,node2,0.0035790778942622,1,3.57
2195,node2,0.0035790778942622,1,3.57
2196,node2,0.0035790778942622,1,3.57
2197,node2,0.0035790778942622,1,3.57
2198,node2,0.0035790778942622,1,3.57
2199,node2,0.0035790778942622,1,3.57
2200,node2,0.0035790778942622,1,3.57
2201,node2,0.0035790778942622,1,3.57
2202,node2,0.0035790778942622,1,3.57
2203,node2,0.0035790778942622,1,3.57
2204,node2,0.0035790778942622,1,3.57
2205,node2,0.0035790778942622,1,3.57
2206,node2,0.0035790778942622,1,3.57
2207,node2,0.0035790778942622,1,3.57
2208,node2,0.0035790778942622,1,3.57
2209,node2,0.0396516739939127,1,16.37
2210,node2,0.0396516739939127,1,16.37
2211,node2,0.0496280013527223,1,19.91
2212,node2,0.039595310562507,1,16.35
2213,node2,0.0414271220831924,1,17.0
2214,node2,0.0460207417427573,1,18.63
2215,node2,0.040553488896404,1,16.69
2216,node2,0.0505298162552136,0,20.23
2217,node2,0.0432589336038778,1,17.65
2218,node2,0.0432589336038778,1,17.65
2219,node2,0.0432589336038778,1,17.65
2220,node2,0.039595310562507,1,16.35
2221,node2,0.0080317889753128,1,5.15
2222,node2,0.0071299740728215,1,4.83
2223,node2,0.0071299740728215,1,4.83
2224,node2,0.0273926276631721,1,12.02
2225,node2,0.0133863149588546,1,7.05
2226,node2,0.0496280013527223,1,19.91
2227,node2,0.0505298162552136,0,20.23
2228,node2,0.0459643783113516,1,18.61
2229,node2,0.0423853004170893,1,17.34
2230,node2,0.0423853004170893,1,17.34
2231,node2,0.0423853004170893,1,17.34
2232,node2,0.0468943749295457,1,18.94
2233,node2,0.0468943749295457,1,18.94
2234,node2,0.0505298162552136,0,20.23
2235,node2,0.0459643783113516,1,18.61
2236,node2,0.0423853004170893,1,17.34
2237,node2,0.0468943749295457,1,18.94
2238,node2,0.0468943749295457,1,18.94
2239,node2,0.0459643783113516,1,18.61
2240,node2,0.0423289369856836,1,17.32
2241,node2,0.0459643783113516,1,18.61
2242,node2,0.0459643783113516,1,18.61
2243,node2,0.0460207417427573,1,18.63
2244,node2,0.0460207417427573,1,18.63
2245,node2,0.0450625634088603,1,18.29
2246,node2,0.0,1,2.3
2247,node2,0.0017472663735768,1,2.92
2248,node2,0.0044808927967534,1,3.89
2249,node2,0.0053545259835418,1,4.2
2250,node2,0.0026772629917709,1,3.25
2251,node2,0.0035790778942622,1,3.57
2252,node2,0.0035790778942622,1,3.57
2253,node2,0.0035790778942622,1,3.57
2254,node2,0.0035790778942622,1,3.57
2255,node2,0.0017472663735768,1,2.92
2256,node2,0.0035790778942622,1,3.57
2257,node2,0.0044527110810506,1,3.88
2258,node2,0.0008454514710855,1,2.6
2259,node2,0.0496280013527223,1,19.91
2260,node2,0.0450625634088603,1,18.29
2261,node2,0.0496280013527223,1,19.91
2262,node2,0.0179517529027167,1,8.67
2263,node2,0.0151617630481343,1,7.68
2264,node2,0.0160917596663284,1,8.01
2265,node2,0.0133863149588546,1,7.05
2266,node2,0.0169935745688197,1,8.33
2267,node2,0.0169935745688197,1,8.33
2268,node2,0.0026772629917709,1,3.25
2269,node2,0.0035790778942622,1,3.57
2270,node2,0.0009018149024912,1,2.62
2271,node2,0.0008454514710855,1,2.6
2272,node2,0.0008454514710855,1,2.6
2273,node2,0.0009018149024912,1,2.62
2274,node2,0.0008454514710855,1,2.6
2275,node2,0.0009018149024912,1,2.62
2276,node2,0.0008454514710855,1,2.6
2277,node2,0.0009018149024912,1,2.62
2278,node2,0.0009018149024912,1,2.62
2279,node2,0.0009018149024912,1,2.62
2280,node2,0.0009018149024912,1,2.62
2281,node2,0.0008454514710855,1,2.6
2282,node2,0.0008454514710855,1,2.6
2283,node2,0.0008454514710855,1,2.6
2284,node2,0.0008454514710855,1,2.6
2285,node2,0.0009018149024912,1,2.62
2286,node2,0.0009018149024912,1,2.62
2287,node2,0.0414271220831924,1,17.0
2288,node2,0.0107090519670837,1,6.1
2289,node2,0.0009018149024912,1,2.62
2290,node2,0.0169935745688197,1,8.33
2291,node2,0.0169935745688197,1,8.33
2292,node2,0.0169935745688197,1,8.33
2293,node2,0.0169935745688197,1,8.33
2294,node2,0.0169935745688197,1,8.33
2295,node2,0.0169935745688197,1,8.33
2296,node2,0.0169935745688197,1,8.33
2297,node2,0.0107090519670837,1,6.1
2298,node2,0.0169935745688197,1,8.33
2299,node2,0.0169935745688197,1,8.33
2300,node2,0.0107090519670837,1,6.1
2301,node2,0.0107090519670837,1,6.1
2302,node2,0.0107090519670837,1,6.1
2303,node2,0.0107090519670837,1,6.1
2304,node2,0.0107090519670837,1,6.1
2305,node2,0.0107090519670837,1,6.1
2306,node2,0.0107090519670837,1,6.1
2307,node2,0.0133863149588546,1,7.05
2308,node2,0.0107090519670837,1,6.1
2309,node2,0.0107090519670837,1,6.1
2310,node2,0.0107090519670837,1,6.1
2311,node2,0.0107090519670837,1,6.1
2312,node2,0.0107090519670837,1,6.1
2313,node2,0.0107090519670837,1,6.1
2314,node2,0.0107090519670837,1,6.1
2315,node2,0.0107090519670837,1,6.1
2316,node2,0.0107090519670837,1,6.1
2317,node2,0.0107090519670837,1,6.1
2318,node2,0.0107090519670837,1,6.1
2319,node2,0.0133863149588546,1,7.05
2320,node2,0.0107090519670837,1,6.1
2321,node2,0.0107090519670837,1,6.1
2322,node2,0.0107090519670837,1,6.1
2323,node2,0.0107090519670837,1,6.1
2324,node2,0.0107090519670837,1,6.1
2325,node2,0.0107090519670837,1,6.1
2326,node2,0.0107090519670837,1,6.1
2327,node2,0.0107090519670837,1,6.1
2328,node2,0.0107090519670837,1,6.1
2329,node2,0.0107090519670837,1,6.1
2330,node2,0.0107090519670837,1,6.1
2331,node2,0.0107090519670837,1,6.1
2332,node2,0.0107090519670837,1,6.1
2333,node2,0.0107090519670837,1,6.1
2334,node2,0.0107090519670837,1,6.1
2335,node2,0.0107090519670837,1,6.1
2336,node2,0.0107090519670837,1,6.1
2337,node2,0.0107090519670837,1,6.1
2338,node2,0.0107090519670837,1,6.1
2339,node2,0.0107090519670837,1,6.1
2340,node2,0.022658099425093,1,10.34
2341,node2,0.0550670724833727,0,21.84
2342,node2,0.0576597903280351,0,22.76
2343,node2,0.0550670724833727,0,21.84
2344,node2,0.0245744560928869,1,11.02
2345,node2,0.0576597903280351,0,22.76
2346,node2,0.0576597903280351,0,22.76
2347,node2,0.0601679630255889,0,23.65
2348,node2,0.0576597903280351,0,22.76
2349,node2,0.1362304137075865,0,50.64
2350,node2,0.1386258595423289,0,51.49
2351,node2,0.1507439972945553,0,55.79
2352,node2,0.1534776237177319,0,56.76
2353,node2,0.008933603877804,1,5.47
2354,node2,0.008933603877804,1,5.47
2355,node2,0.0062281591703302,1,4.51
2356,node2,0.0098636004959981,1,5.8
2357,node2,0.0071299740728215,1,4.83
2358,node2,0.0071299740728215,1,4.83
2359,node2,0.0071299740728215,1,4.83
2360,node2,0.0071299740728215,1,4.83
2361,node2,0.0071299740728215,1,4.83
2362,node2,0.0071299740728215,1,4.83
2363,node2,0.0071299740728215,1,4.83
2364,node2,0.0071299740728215,1,4.83
2365,node2,0.0071299740728215,1,4.83
2366,node2,0.0071299740728215,1,4.83
2367,node2,0.0071299740728215,1,4.83
2368,node2,0.0071299740728215,1,4.83
2369,node2,0.0071299740728215,1,4.83
2370,node2,0.0071299740728215,1,4.83
2371,node2,0.0071299740728215,1,4.83
2372,node2,0.0071299740728215,1,4.83
2373,node2,0.0071299740728215,1,4.83
2374,node2,0.0071299740728215,1,4.83
2375,node2,0.0071299740728215,1,4.83
2376,node2,0.0071299740728215,1,4.83
2377,node2,0.0071299740728215,1,4.83
2378,node2,0.0071299740728215,1,4.83
2379,node2,0.0071299740728215,1,4.83
2380,node2,0.0071299740728215,1,4.83
2381,node2,0.0071581557885244,1,4.84
2382,node2,0.0071299740728215,1,4.83
2383,node2,0.0071299740728215,1,4.83
2384,node2,0.0071581557885244,1,4.84
2385,node2,0.0071299740728215,1,4.83
2386,node2,0.0071581557885244,1,4.84
2387,node2,0.0071581557885244,1,4.84
2388,node2,0.0071299740728215,1,4.83
2389,node2,0.0071299740728215,1,4.83
2390,node2,0.0071299740728215,1,4.83
2391,node2,0.0071299740728215,1,4.83
2392,node2,0.0071581557885244,1,4.84
2393,node2,0.0071299740728215,1,4.83
2394,node2,0.0071299740728215,1,4.83
2395,node2,0.0071299740728215,1,4.83
2396,node2,0.0071299740728215,1,4.83
2397,node2,0.0071299740728215,1,4.83
2398,node2,0.0071299740728215,1,4.83
2399,node2,0.0056363431405703,1,4.3
2400,node2,0.0071299740728215,1,4.83
2401,node2,0.0071299740728215,1,4.83
2402,node2,0.0071581557885244,1,4.84
2403,node2,0.0071299740728215,1,4.83
2404,node2,0.0071299740728215,1,4.83
2405,node2,0.0071581557885244,1,4.84
2406,node2,0.0071299740728215,1,4.83
2407,node2,0.0071299740728215,1,4.83
2408,node2,0.0071299740728215,1,4.83
2409,node2,0.0044527110810506,1,3.88
2410,node2,0.0071581557885244,1,4.84
2411,node2,0.0044527110810506,1,3.88
2412,node2,0.0071299740728215,1,4.83
2413,node2,0.0071299740728215,1,4.83
2414,node2,0.0071299740728215,1,4.83
2415,node2,0.0071581557885244,1,4.84
2416,node2,0.0071299740728215,1,4.83
2417,node2,0.0071299740728215,1,4.83
2418,node2,0.0071299740728215,1,4.83
2419,node2,0.0071299740728215,1,4.83
2420,node2,0.0071299740728215,1,4.83
2421,node2,0.0071299740728215,1,4.83
2422,node2,0.0044808927967534,1,3.89
2423,node2,0.0044808927967534,1,3.89
2424,node2,0.0071299740728215,1,4.83
2425,node2,0.0044808927967534,1,3.89
2426,node2,0.0071299740728215,1,4.83
2427,node2,0.0044527110810506,1,3.88
2428,node2,0.0044527110810506,1,3.88
2429,node2,0.0044527110810506,1,3.88
2430,node2,0.0107090519670837,1,6.1
2431,node2,0.0071299740728215,1,4.83
2432,node2,0.0071299740728215,1,4.83
2433,node2,0.0071581557885244,1,4.84
2434,node2,0.0044808927967534,1,3.89
2435,node2,0.0071299740728215,1,4.83
2436,node2,0.0044808927967534,1,3.89
2437,node2,0.0044808927967534,1,3.89
2438,node2,0.0107090519670837,1,6.1
2439,node2,0.0044808927967534,1,3.89
2440,node2,0.0071581557885244,1,4.84
2441,node2,0.0071299740728215,1,4.83
2442,node2,0.0044527110810506,1,3.88
2443,node2,0.0071299740728215,1,4.83
2444,node2,0.0107090519670837,1,6.1
2445,node2,0.0044808927967534,1,3.89
2446,node2,0.0044527110810506,1,3.88
2447,node2,0.0044808927967534,1,3.89
2448,node2,0.0044527110810506,1,3.88
2449,node2,0.0107090519670837,1,6.1
2450,node2,0.0044527110810506,1,3.88
2451,node2,0.0044808927967534,1,3.89
2452,node2,0.0071299740728215,1,4.83
2453,node2,0.0044527110810506,1,3.88
2454,node2,0.0044808927967534,1,3.89
2455,node2,0.0044527110810506,1,3.88
2456,node2,0.0044527110810506,1,3.88
2457,node2,0.0044527110810506,1,3.88
2458,node2,0.0044527110810506,1,3.88
2459,node2,0.0044527110810506,1,3.88
2460,node2,0.0044808927967534,1,3.89
2461,node2,0.0044808927967534,1,3.89
2462,node2,0.0044527110810506,1,3.88
2463,node2,0.0044808927967534,1,3.89
2464,node2,0.0044808927967534,1,3.89
2465,node2,0.0179517529027167,1,8.67
2466,node2,0.0107090519670837,1,6.1
2467,node2,0.0035790778942622,1,3.57
2468,node2,0.0035790778942622,1,3.57
2469,node2,0.0035790778942622,1,3.57
2470,node2,0.0035790778942622,1,3.57
2471,node2,0.0035790778942622,1,3.57
2472,node2,0.0035790778942622,1,3.57
2473,node2,0.0035790778942622,1,3.57
2474,node2,0.0035790778942622,1,3.57
2475,node2,0.0035790778942622,1,3.57
2476,node2,0.0035790778942622,1,3.57
2477,node2,0.0035790778942622,1,3.57
2478,node2,0.0035790778942622,1,3.57
2479,node2,0.0035790778942622,1,3.57
2480,node2,0.0035790778942622,1,3.57
2481,node2,0.0035790778942622,1,3.57
2482,node2,0.0035790778942622,1,3.57
2483,node2,0.0035790778942622,1,3.57
2484,node2,0.0035790778942622,1,3.57
2485,node2,0.0035790778942622,1,3.57
2486,node2,0.0035790778942622,1,3.57
2487,node2,0.0035790778942622,1,3.57
2488,node2,0.0035790778942622,1,3.57
2489,node2,0.0035790778942622,1,3.57
2490,node2,0.0035790778942622,1,3.57
2491,node2,0.0035790778942622,1,3.57
2492,node2,0.0035790778942622,1,3.57
2493,node2,0.0035790778942622,1,3.57
2494,node2,0.0035790778942622,1,3.57
2495,node2,0.0035790778942622,1,3.57
2496,node2,0.0035790778942622,1,3.57
2497,node2,0.0035790778942622,1,3.57
2498,node2,0.0035790778942622,1,3.57
2499,node2,0.0035790778942622,1,3.57
2500,node2,0.0035790778942622,1,3.57
2501,node2,0.0035790778942622,1,3.57
2502,node2,0.0035790778942622,1,3.57
2503,node2,0.0035790778942622,1,3.57
2504,node2,0.0035790778942622,1,3.57
2505,node2,0.0035790778942622,1,3.57
2506,node2,0.0035790778942622,1,3.57
2507,node2,0.0035790778942622,1,3.57
2508,node2,0.0035790778942622,1,3.57
2509,node2,0.0035790778942622,1,3.57
2510,node2,0.0035790778942622,1,3.57
2511,node2,0.0035790778942622,1,3.57
2512,node2,0.0035790778942622,1,3.57
2513,node2,0.0035790778942622,1,3.57
2514,node2,0.0035790778942622,1,3.57
2515,node2,0.0035790778942622,1,3.57
2516,node2,0.0035790778942622,1,3.57
2517,node2,0.0035790778942622,1,3.57
2518,node2,0.0035790778942622,1,3.57
2519,node2,0.0035790778942622,1,3.57
2520,node2,0.0035790778942622,1,3.57
2521,node2,0.0035790778942622,1,3.57
2522,node2,0.0035790778942622,1,3.57
2523,node2,0.0035790778942622,1,3.57
2524,node2,0.0035790778942622,1,3.57
2525,node2,0.0035790778942622,1,3.57
2526,node2,0.0035790778942622,1,3.57
2527,node2,0.0035790778942622,1,3.57
2528,node2,0.0035790778942622,1,3.57
2529,node2,0.0035790778942622,1,3.57
2530,node2,0.0035790778942622,1,3.57
2531,node2,0.0035790778942622,1,3.57
2532,node2,0.0035790778942622,1,3.57
2533,node2,0.0035790778942622,1,3.57
2534,node2,0.0035790778942622,1,3.57
2535,node2,0.0035790778942622,1,3.57
2536,node2,0.0035790778942622,1,3.57
2537,node2,0.0035790778942622,1,3.57
2538,node2,0.0035790778942622,1,3.57
2539,node2,0.0035790778942622,1,3.57
2540,node2,0.0035790778942622,1,3.57
2541,node2,0.0035790778942622,1,3.57
2542,node2,0.0035790778942622,1,3.57
2543,node2,0.0035790778942622,1,3.57
2544,node2,0.0035790778942622,1,3.57
2545,node2,0.0035790778942622,1,3.57
2546,node2,0.0035790778942622,1,3.57
2547,node2,0.0035790778942622,1,3.57
2548,node2,0.0035790778942622,1,3.57
2549,node2,0.0035790778942622,1,3.57
2550,node2,0.0035790778942622,1,3.57
2551,node2,0.0035790778942622,1,3.57
2552,node2,0.0035790778942622,1,3.57
2553,node2,0.0035790778942622,1,3.57
2554,node2,0.0035790778942622,1,3.57
2555,node2,0.0035790778942622,1,3.57
2556,node2,0.0035790778942622,1,3.57
2557,node2,0.0035790778942622,1,3.57
2558,node2,0.0035790778942622,1,3.57
2559,node2,0.0035790778942622,1,3.57
2560,node2,0.0035790778942622,1,3.57
2561,node2,0.0035790778942622,1,3.57
2562,node2,0.0035790778942622,1,3.57
2563,node2,0.0035790778942622,1,3.57
2564,node2,0.0035790778942622,1,3.57
2565,node2,0.0035790778942622,1,3.57
2566,node2,0.0035790778942622,1,3.57
2567,node2,0.0035790778942622,1,3.57
2568,node2,0.0035790778942622,1,3.57
2569,node2,0.0035790778942622,1,3.57
2570,node2,0.0035790778942622,1,3.57
2571,node2,0.0035790778942622,1,3.57
2572,node2,0.0035790778942622,1,3.57
2573,node2,0.0035790778942622,1,3.57
2574,node2,0.0035790778942622,1,3.57
2575,node2,0.0035790778942622,1,3.57
2576,node2,0.0035790778942622,1,3.57
2577,node2,0.0035790778942622,1,3.57
2578,node2,0.0035790778942622,1,3.57
2579,node2,0.0035790778942622,1,3.57
2580,node2,0.0035790778942622,1,3.57
2581,node2,0.0035790778942622,1,3.57
2582,node2,0.0035790778942622,1,3.57
2583,node2,0.0035790778942622,1,3.57
2584,node2,0.0035790778942622,1,3.57
2585,node2,0.0035790778942622,1,3.57
2586,node2,0.0035790778942622,1,3.57
2587,node2,0.0035790778942622,1,3.57
2588,node2,0.0035790778942622,1,3.57
2589,node2,0.0035790778942622,1,3.57
2590,node2,0.0255326344267839,1,11.36
2591,node2,0.0650433998421824,0,25.38
2592,node2,0.0386934956600157,1,16.03
2593,node2,0.0405253071807011,1,16.68
2594,node2,0.0405253071807011,1,16.68
2595,node2,0.0405253071807011,1,16.68
2596,node2,0.0405253071807011,1,16.68
2597,node2,0.045118926840266,1,18.31
2598,node2,0.0386934956600157,1,16.03
2599,node2,0.0386934956600157,1,16.03
2600,node2,0.0387498590914214,1,16.05
2601,node2,0.0387498590914214,1,16.05
2602,node2,0.0387498590914214,1,16.05
2603,node2,0.0414834855145981,1,17.02
2604,node2,0.0414834855145981,1,17.02
2605,node2,0.0414834855145981,1,17.02
2606,node2,0.0414834855145981,1,17.02
2607,node2,0.0414834855145981,1,17.02
2608,node2,0.0387498590914214,1,16.05
2609,node2,0.0486980047345282,1,19.58
2610,node2,0.0217281028068988,1,10.01
2611,node2,0.0283508059970691,1,12.36
2612,node2,0.0255326344267839,1,11.36
2613,node2,0.1526603539623492,0,56.47
2614,node2,0.0283508059970691,1,12.36
2615,node2,0.0387498590914214,1,16.05
2616,node2,0.1185041145304926,0,44.35
2617,node2,0.0423853004170893,1,17.34
2618,node2,0.030267162664863,1,13.04
2619,node2,0.1382594972381918,0,51.36
2620,node2,0.0283508059970691,1,12.36
2621,node2,0.0320989741855484,1,13.69
2622,node2,0.0283508059970691,1,12.36
2623,node2,0.0283508059970691,1,12.36
2624,node2,0.0283508059970691,1,12.36
2625,node2,0.0283508059970691,1,12.36
2626,node2,0.0330289708037425,1,14.02
2627,node2,0.0255326344267839,1,11.36
2628,node2,0.0386934956600157,1,16.03
2629,node2,0.0386934956600157,1,16.03
2630,node2,0.0273926276631721,1,12.02
2631,node2,0.029308984330966,1,12.7
2632,node2,0.0320989741855484,1,13.69
2633,node2,0.0459643783113516,1,18.61
2634,node2,0.1001296358922331,0,37.83
2635,node2,0.0975369180475707,0,36.91
2636,node2,0.1342858753240897,0,49.95
2637,node2,0.1534494420020291,0,56.75
2638,node2,0.0053545259835418,1,4.2
2639,node2,0.0080317889753128,1,5.15
2640,node2,0.0568425205726524,0,22.47
2641,node2,0.0568425205726524,0,22.47
2642,node2,0.0053545259835418,1,4.2
2643,node2,0.0080317889753128,1,5.15
2644,node2,0.0080317889753128,1,5.15
2645,node2,0.0080317889753128,1,5.15
2646,node2,0.0226862811407958,1,10.35
2647,node2,0.0226862811407958,1,10.35
2648,node2,0.0626479540074399,0,24.53
2649,node2,0.0053545259835418,1,4.2
2650,node2,0.0568425205726524,0,22.47
2651,node2,0.0053545259835418,1,4.2
2652,node2,0.0053545259835418,1,4.2
2653,node2,0.0053545259835418,1,4.2
2654,node2,0.0053545259835418,1,4.2
2655,node2,0.0080317889753128,1,5.15
2656,node2,0.0568143388569496,0,22.46
2657,node2,0.0080317889753128,1,5.15
2658,node2,0.0080317889753128,1,5.15
2659,node2,0.0044527110810506,1,3.88
2660,node2,1.0,0,357.14
2661,node2,0.0601115995941832,0,23.63
2662,node2,0.0080317889753128,1,5.15
2663,node2,0.0576597903280351,0,22.76
2664,node2,0.0080317889753128,1,5.15
2665,node2,0.008933603877804,1,5.47
2666,node2,0.0414834855145981,1,17.02
2667,node2,0.0080317889753128,1,5.15
2668,node2,0.1001296358922331,0,37.83
2669,node2,0.0414271220831924,1,17.0
2670,node2,0.0576597903280351,0,22.76
2671,node2,0.0550670724833727,0,21.84
2672,node2,0.0584770600834178,0,23.05
2673,node2,0.0414271220831924,1,17.0
2674,node2,0.0576597903280351,0,22.76
2675,node2,0.0550670724833727,0,21.84
2676,node2,0.0772742644572201,0,29.72
2677,node2,0.0071299740728215,1,4.83
2678,node2,0.0576597903280351,0,22.76
2679,node2,0.0414834855145981,1,17.02
2680,node2,0.0035790778942622,1,3.57
2681,node2,0.0062563408860331,1,4.52
2682,node2,0.0226862811407958,1,10.35
2683,node2,0.0217281028068988,1,10.01
2684,node2,0.0189099312366136,1,9.01
2685,node2,0.0514316311577048,0,20.55
2686,node2,0.0576597903280351,0,22.76
2687,node2,0.0576597903280351,0,22.76
2688,node2,0.0576597903280351,0,22.76
2689,node2,0.0477961898320369,1,19.26
2690,node2,0.0568425205726524,0,22.47
2691,node2,0.0396516739939127,1,16.37
2692,node2,0.0189099312366136,1,9.01
2693,node2,0.0766542667117574,0,29.5
2694,node2,0.0650997632735881,0,25.4
2695,node2,0.0414271220831924,1,17.0
2696,node2,0.0368335024236275,1,15.37
2697,node2,0.0414271220831924,1,17.0
2698,node2,0.0107090519670837,1,6.1
2699,node2,0.0035790778942622,1,3.57
2700,node2,0.1184759328147898,0,44.34
2701,node2,0.104723255551798,0,39.46
2702,node2,0.0584770600834178,0,23.05
2703,node2,0.1534494420020291,0,56.75
2704,node2,0.0618025025363544,0,24.23
2705,node2,0.1178841167850299,0,44.13
2706,node2,0.0634652237628226,0,24.82
2707,node2,0.0541088941494758,0,21.5
2708,node2,0.0576597903280351,0,22.76
2709,node2,0.1080205162890317,0,40.63
2710,node2,0.1230131890429489,0,45.95
2711,node2,0.0934505692706572,0,35.46
2712,node2,0.0982132792244391,0,37.15
2713,node2,0.0955641979483711,0,36.21
2714,node2,0.096916920302108,0,36.69
2715,node2,0.096916920302108,0,36.69
2716,node2,0.1040468943749295,0,39.22
2717,node2,0.0982132792244391,0,37.15
2718,node2,0.0779788073497914,0,29.97
2719,node2,0.1047514372675008,0,39.47
2720,node2,0.1156295795288017,0,43.33
2721,node2,0.1292977116446849,0,48.18
2722,node2,0.1185041145304926,0,44.35
2723,node2,0.1066677939352948,0,40.15
2724,node2,0.1526603539623492,0,56.47
2725,node2,0.0766824484274602,0,29.51
2726,node2,0.0550670724833727,0,21.84
2727,node2,0.0236444594746928,1,10.69
2728,node2,0.008933603877804,1,5.47
2729,node2,0.008933603877804,1,5.47
2730,node2,0.008933603877804,1,5.47
2731,node2,0.0008454514710855,1,2.6
2732,node2,0.0017472663735768,1,2.92
2733,node2,0.0080317889753128,1,5.15
2734,node2,0.008933603877804,1,5.47
2735,node2,0.008933603877804,1,5.47
2736,node2,0.008933603877804,1,5.47
2737,node2,0.0160917596663284,1,8.01
2738,node2,0.0189099312366136,1,9.01
2739,node2,0.008933603877804,1,5.47
2740,node2,0.008933603877804,1,5.47
2741,node2,0.008933603877804,1,5.47
2742,node2,0.008933603877804,1,5.47
2743,node2,0.008933603877804,1,5.47
2744,node2,0.008933603877804,1,5.47
2745,node2,0.008933603877804,1,5.47
2746,node2,0.0044527110810506,1,3.88
2747,node2,0.008933603877804,1,5.47
2748,node2,0.1053714350129636,0,39.69
2749,node2,0.0432589336038778,1,17.65
2750,node2,0.0116390485852778,1,6.43
2751,node2,0.0017472663735768,1,2.92
2752,node2,0.0115826851538721,1,6.41
2753,node2,0.008933603877804,1,5.47
2754,node2,0.0414834855145981,1,17.02
2755,node2,0.008933603877804,1,5.47
2756,node2,0.0053545259835418,1,4.2
2757,node2,0.0053545259835418,1,4.2
2758,node2,0.0053545259835418,1,4.2
2759,node2,0.008933603877804,1,5.47
2760,node2,0.0062563408860331,1,4.52
2761,node2,0.0053545259835418,1,4.2
2762,node2,0.0053545259835418,1,4.2
2763,node2,0.0053545259835418,1,4.2
2764,node2,0.0053545259835418,1,4.2
2765,node2,0.008933603877804,1,5.47
2766,node2,0.0053545259835418,1,4.2
2767,node2,0.0053545259835418,1,4.2
2768,node2,0.0053545259835418,1,4.2
2769,node2,0.0053545259835418,1,4.2
2770,node2,0.0414834855145981,1,17.02
2771,node2,0.008933603877804,1,5.47
2772,node2,0.0053545259835418,1,4.2
2773,node2,0.0559407056701612,0,22.15
2774,node2,0.0053545259835418,1,4.2
2775,node2,0.008933603877804,1,5.47
2776,node2,0.0124845000563634,1,6.73
2777,node2,0.0124845000563634,1,6.73
2778,node2,0.0124845000563634,1,6.73
2779,node2,0.0691579303347987,0,26.84
2780,node2,0.0124845000563634,1,6.73
2781,node2,0.008933603877804,1,5.47
2782,node2,0.0124845000563634,1,6.73
2783,node2,0.0133863149588546,1,7.05
2784,node2,0.0124845000563634,1,6.73
2785,node2,0.0787397136737684,0,30.24
2786,node2,0.0125408634877691,1,6.75
2787,node2,0.0124845000563634,1,6.73
2788,node2,0.0124845000563634,1,6.73
2789,node2,0.0124845000563634,1,6.73
2790,node2,0.0115826851538721,1,6.41
2791,node2,0.1395840378762259,0,51.83
2792,node2,0.1338349678728441,0,49.79
2793,node2,0.0772742644572201,0,29.72
2794,node2,0.0618025025363544,0,24.23
2795,node2,0.0584770600834178,0,23.05
2796,node2,0.0585334235148235,0,23.07
2797,node2,0.0642261300867996,0,25.09
2798,node2,0.1342858753240897,0,49.95
2799,node2,0.1347649644910382,0,50.12
2800,node2,0.0585334235148235,0,23.07
2801,node2,0.0585334235148235,0,23.07
2802,node2,0.102806898884004,0,38.78
2803,node2,0.0017472663735768,1,2.92
2804,node2,0.0044808927967534,1,3.89
2805,node2,0.0009018149024912,1,2.62
2806,node2,0.008933603877804,1,5.47
2807,node2,0.0008454514710855,1,2.6
2808,node2,0.0044808927967534,1,3.89
2809,node2,0.0044527110810506,1,3.88
2810,node2,0.1156295795288017,0,43.33
2811,node2,0.1001578176079359,0,37.84
2812,node2,0.0035790778942622,1,3.57
2813,node2,0.0035790778942622,1,3.57
2814,node2,0.0035790778942622,1,3.57
2815,node2,0.0026772629917709,1,3.25
2816,node2,0.0035790778942622,1,3.57
2817,node2,0.0008454514710855,1,2.6
2818,node2,0.0009018149024912,1,2.62
2819,node2,0.0026772629917709,1,3.25
2820,node2,0.0008454514710855,1,2.6
2821,node2,0.0053545259835418,1,4.2
2822,node2,0.0044527110810506,1,3.88
2823,node2,0.0044808927967534,1,3.89
2824,node2,0.0071299740728215,1,4.83
2825,node2,0.0053545259835418,1,4.2
2826,node2,0.0035790778942622,1,3.57
2827,node2,0.0062563408860331,1,4.52
2828,node2,0.0044808927967534,1,3.89
2829,node2,0.0008454514710855,1,2.6
2830,node2,0.0044527110810506,1,3.88
2831,node2,0.0044527110810506,1,3.88
2832,node2,0.0044527110810506,1,3.88
2833,node2,0.0071299740728215,1,4.83
2834,node2,0.0053545259835418,1,4.2
2835,node2,0.0044527110810506,1,3.88
2836,node2,0.0080317889753128,1,5.15
2837,node2,0.0053545259835418,1,4.2
2838,node2,0.0053545259835418,1,4.2
2839,node2,0.0053545259835418,1,4.2
2840,node2,0.0098072370645924,1,5.78
2841,node2,0.0133863149588546,1,7.05
2842,node2,0.0071299740728215,1,4.83
2843,node2,0.0044808927967534,1,3.89
2844,node2,0.0044527110810506,1,3.88
2845,node2,0.0026772629917709,1,3.25
2846,node2,0.0124845000563634,1,6.73
2847,node2,0.008933603877804,1,5.47
2848,node2,0.0116390485852778,1,6.43
2849,node2,0.0189099312366136,1,9.01
2850,node2,0.0107090519670837,1,6.1
2851,node2,0.0107090519670837,1,6.1
2852,node2,0.0133863149588546,1,7.05
2853,node2,0.0133863149588546,1,7.05
2854,node2,0.0116390485852778,1,6.43
2855,node2,0.0071299740728215,1,4.83
2856,node2,0.0198681095705106,1,9.35
2857,node2,0.0143163115770488,1,7.38
2858,node2,0.0180081163341224,1,8.69
2859,node2,0.0107090519670837,1,6.1
2860,node2,0.0180081163341224,1,8.69
2861,node2,0.008933603877804,1,5.47
2862,node2,0.0311689775673543,1,13.36
2863,node2,0.0264344493292751,1,11.68
2864,node2,0.0189099312366136,1,9.01
2865,node2,0.0396516739939127,1,16.37
2866,node2,0.0245744560928869,1,11.02
2867,node2,0.029308984330966,1,12.7
2868,node2,0.0169935745688197,1,8.33
2869,node2,0.0169935745688197,1,8.33
2870,node2,0.0245744560928869,1,11.02
2871,node2,0.0236162777589899,1,10.68
2872,node2,0.0180081163341224,1,8.69
2873,node2,0.0208262879044076,1,9.69
2874,node2,0.0198681095705106,1,9.35
2875,node2,0.0198681095705106,1,9.35
2876,node2,0.008933603877804,1,5.47
2877,node2,0.01521812647954,1,7.7
2878,node2,0.0124845000563634,1,6.73
2879,node2,0.0044808927967534,1,3.89
2880,node2,0.008933603877804,1,5.47
2881,node2,0.0062281591703302,1,4.51
2882,node2,0.0189099312366136,1,9.01
2883,node2,0.0414834855145981,1,17.02
2884,node2,0.0071299740728215,1,4.83
2885,node2,0.0133863149588546,1,7.05
2886,node2,0.0143163115770488,1,7.38
2887,node2,0.0180081163341224,1,8.69
2888,node2,0.0107090519670837,1,6.1
2889,node2,0.0179517529027167,1,8.67
2890,node2,0.008933603877804,1,5.47
2891,node2,0.0601115995941832,0,23.63
2892,node2,0.1066677939352948,0,40.15
2893,node2,0.0207699244730019,1,9.67
2894,node2,0.0143163115770488,1,7.38
2895,node2,0.0179517529027167,1,8.67
2896,node2,0.0189099312366136,1,9.01
2897,node2,0.0217281028068988,1,10.01
2898,node2,0.0180081163341224,1,8.69
2899,node2,0.0180081163341224,1,8.69
2900,node2,0.0217281028068988,1,10.01
2901,node2,0.0189099312366136,1,9.01
2902,node2,0.0169935745688197,1,8.33
2903,node2,0.0198681095705106,1,9.35
2904,node2,0.0217281028068988,1,10.01
2905,node2,0.0198681095705106,1,9.35
2906,node2,0.0414834855145981,1,17.02
2907,node2,0.0207699244730019,1,9.67
2908,node2,0.0169935745688197,1,8.33
2909,node2,0.0189099312366136,1,9.01
2910,node2,0.0198681095705106,1,9.35
2911,node2,0.0169935745688197,1,8.33
2912,node2,0.01521812647954,1,7.7
2913,node2,0.0226862811407958,1,10.35
2914,node2,0.0255326344267839,1,11.36
2915,node2,0.0198681095705106,1,9.35
2916,node2,0.0189099312366136,1,9.01
2917,node2,0.0143163115770488,1,7.38
2918,node2,0.0432589336038778,1,17.65
2919,node2,0.0143163115770488,1,7.38
2920,node2,0.0098072370645924,1,5.78
2921,node2,0.0098636004959981,1,5.8
2922,node2,0.0107090519670837,1,6.1
2923,node2,0.0116390485852778,1,6.43
2924,node2,0.0080317889753128,1,5.15
2925,node2,0.0107090519670837,1,6.1
2926,node2,0.0143163115770488,1,7.38
2927,node2,0.0189099312366136,1,9.01
2928,node2,0.0124845000563634,1,6.73
2929,node2,0.0107090519670837,1,6.1
2930,node2,0.0098636004959981,1,5.8
2931,node2,0.0133863149588546,1,7.05
2932,node2,0.0098072370645924,1,5.78
2933,node2,0.0143163115770488,1,7.38
2934,node2,0.0107090519670837,1,6.1
2935,node2,0.0107090519670837,1,6.1
2936,node2,0.0133863149588546,1,7.05
2937,node2,0.0124845000563634,1,6.73
2938,node2,0.0124845000563634,1,6.73
2939,node2,0.0450625634088603,1,18.29
2940,node2,0.1570285198962913,0,58.02
2941,node2,0.1020741742757299,0,38.52
2942,node2,0.157084883327697,0,58.04
2943,node2,0.0387498590914214,1,16.05
2944,node2,0.0368335024236275,1,15.37
2945,node2,0.0208262879044076,1,9.69
2946,node2,0.0151617630481343,1,7.68
2947,node2,0.0160917596663284,1,8.01
2948,node2,0.0133863149588546,1,7.05
2949,node2,0.0386934956600157,1,16.03
2950,node2,0.0133863149588546,1,7.05
2951,node2,0.0160917596663284,1,8.01
2952,node2,0.0198681095705106,1,9.35
2953,node2,0.0133863149588546,1,7.05
2954,node2,0.0133863149588546,1,7.05
2955,node2,0.0124845000563634,1,6.73
2956,node2,0.0107090519670837,1,6.1
2957,node2,0.0116390485852778,1,6.43
2958,node2,0.0405253071807011,1,16.68
2959,node2,0.0124845000563634,1,6.73
2960,node2,0.0160917596663284,1,8.01
2961,node2,0.0133863149588546,1,7.05
2962,node2,0.0133863149588546,1,7.05
2963,node2,0.01521812647954,1,7.7
2964,node2,0.0180081163341224,1,8.69
2965,node2,0.0098636004959981,1,5.8
2966,node2,0.0386934956600157,1,16.03
2967,node2,0.0071299740728215,1,4.83
2968,node2,0.0044808927967534,1,3.89
2969,node2,0.8142824935182055,0,291.24
2970,node2,0.029308984330966,1,12.7
2971,node2,0.0236444594746928,1,10.69
2972,node2,0.0236444594746928,1,10.69
2973,node2,0.0179517529027167,1,8.67
2974,node2,0.0217281028068988,1,10.01
2975,node2,0.0169935745688197,1,8.33
2976,node2,0.0236444594746928,1,10.69
2977,node2,0.039595310562507,1,16.35
2978,node2,0.0387498590914214,1,16.05
2979,node2,0.0414271220831924,1,17.0
2980,node2,0.0405253071807011,1,16.68
2981,node2,0.0180081163341224,1,8.69
2982,node2,0.0189099312366136,1,9.01
2983,node2,0.0386934956600157,1,16.03
2984,node2,0.0387498590914214,1,16.05
2985,node2,0.008933603877804,1,5.47
2986,node2,0.6221395558561605,0,223.06
2987,node2,0.0098636004959981,1,5.8
2988,node2,0.0080317889753128,1,5.15
2989,node2,0.0071299740728215,1,4.83
2990,node2,0.008933603877804,1,5.47
2991,node2,0.0650997632735881,0,25.4
2992,node2,0.0626479540074399,0,24.53
2993,node2,0.0107090519670837,1,6.1
2994,node2,0.0459643783113516,1,18.61
2995,node2,0.0468943749295457,1,18.94
2996,node2,0.0450625634088603,1,18.29
2997,node2,0.0386934956600157,1,16.03
2998,node2,0.0450625634088603,1,18.29
2999,node2,0.0468943749295457,1,18.94
3000,node2,0.0414271220831924,1,17.0
